従業員さんのちょっとした心遣いが嬉しかったです 。,40
すれ違う店員さんが無愛想でした 深夜で疲れが溜まっていたのでしょう、いつもお店を利用させて頂いているため、忙しくて疲れが抜けていないのだろうなと思い、大変申し訳ない気持ちになりました また利用させて頂きます 。,40
対応したレジの方がいい人でした 。,40
きき湯を安くしてほしい。,8
品だしの人、通路狭いので周りみながらやってほしいです ぶつかりました 。,40
たまには、クジが当たって欲しい 。,39
贅沢しぼりのチューハイを安くしてほしいです 。,8
クーポンの商品がなかったが、在庫を探しに行ってくれた 結局購入はできなかったが、親切だった 。,48
フィラのTシャツをそろそろ安くして欲しい 。,19
店員さんの対応がテキパキしていてとてもわかりやすかった 。,40
お弁当のオカズを安く売ってほしい!!。,30
いつもチーパスの有無を聞いてくれてありがたい。,40
店に置いてある、割引クーポン券がとれる機械ですが、夕方いくと、何もチケットがなくていつもがっかりです 枚数増やしてください 。,46
従業員の対応が親切でとても良かったです 。,40
カートの使用を推奨する割には通路が狭すぎる 踏み台で通せんぼされるとイラッとする 。,43
レジスタッフさん、以前よりとてもいいです。,40
レジを担当してくださったHさん？は手際が良くマスクをしているにも関わらず声が聞き取りやすくて好感が持てましたが、髪の毛の色は銀髪でいいのでしょうか？。,40
豆腐、納豆安くしてほしいです。,30
皆さん、優しいですよ 。,40
・豆腐干を仕入れて欲しい ・ドンキのカナダ産の豚肉の脂の甘味が大好きです  私は同じカナダ産でも、深江橋のドンキのカナダ産の豚肉が好きです 産地を変えないで欲しい 。,29
ボタニスト系商品を安くして下さい 。,16
レジはそこまでお客さんに気を使わなくていいと思います 買い物しやすければそれで大丈夫です 。,41
値上がりが気になりましたが安い商品があるから、嬉しい あと値引きされた商品があると余計にラッキーって思います マジカカードをもっと利用してほしい マジカカードで支払いしたら五％になるとか 。,38
電化製品あたりにいた年配の女性店員さんが店内の案内についてとても親切にしてくださいました 。,40
いつも通り丁寧にして頂いている,40
いつも気持ちの良いレジ対応に感謝しています。,41
レジの女性が積極的で好印象でした 。,40
研修中の若い女性の対応が見ていてとても気持ちよく感心します（名前を覚えてなくて申し訳ありません）従業員の皆さん達はいつも親切ですが特に感じます　好きな店舗です。,40
駐車する際、空きスペースが少し少ないような気がします 駐車場の立体化できれば、便利になります 。,52
対応よかったです 。,40
店舗によって取扱品が変わる 。,45
あれだけのスタッフがいるにも関わらず、品出しと在庫管理が出来てないと思った 昨日買わずに帰ってしまった商品を探したら、品出しされてた分は売れたようで棚にはありませんでした 聞けば持ってきてくれたのかもしれないけど、あまり人と話すのは苦手なのであきらめました あと、使い捨てのスプーンを探してたのですが、昨日からなくて今日もありませんでした くまなく確認してるのか、疑わしいです ないなら売切れですとか、補充してませんとか、客が見てわかるような表示をした方がいいと思います 数年前は、クーポン対象商品が売れてしまってないということもありました 。,45
前のお客さんが、クーポンが使えないとか言っていて1点の買い物なのにすごく待たされた。,41
レジに並んでいる際、店内チラシを見て、何処かを見ていたが、きちんと声を掛けてくれた 。,40
店員さんとすれ違っても、誰からもいらっしゃいませのあいさつがなかった 。,40
店員の愛想を良くしてほしいです 。,40
PayPayが使えないなら使えないってレジとかに表示しておいて欲しいです。,41
レジの方はとても親切でした？。,40
ソーセージやベーコンとかのクーポンを増やしてほしいです 。,46
従業員の女性(レジ)の対応が良かった。,40
大津店のスタッフさんはみんな対応がいいです。引っ越して来てから私達家族は1度も嫌な思いとかした事がないので凄く嬉しいです。これからもたくさん利用します！,40
リンゴのバラ売りと袋とが違う場所にあり、バラ売りが欲しかったのに諦めそうになりました 同じ物はまとめてもらえると探しやすいです 。,44
レジの人親切で対応が良かったです。,40
冷凍食品用のドライアイスが欲しい ドンペンのUFOキャッチャーがぜんぜん取れない 。,15
中洲川端店のレジのかたは、親切丁寧！！。,40
朝の混雑の中　的確に精算をして頂き　よかったです。,41
Wさんの対応は、挨拶・笑顔・案内・確認・振る舞いは申し分ありません 若いと思いますが、しっかりとされてます 。,40
いいねっ！。,39
目薬が欲しい。,16
商品の場所を聞いても言葉が分からない外国人が多い 。,40
本屋さんを置いて。,43
ビオレのハンドソープが安くて助かります 。,8
レジの行列で通路を塞いでいる場合が多くあり通路が通り難い様に思います(岸和田店) レジ場所移動やレジ配置換えなど何か解決策や方法を考えて通路を通り易くして頂きたく思います(隣接している長崎屋も同じ様な感じ) 。,43
レジの担当者が親切、丁寧な対応で良かった‼️。,40
このくじ、ほんとに当たらない。,49
いつも楽しくて安くていくのがたのしみです！。,38
アイスを持ってるのにレジに長く並ぶから溶けてしまうすごくそれが嫌。セルフレジはないのでしょうか,41
野菜を置いて欲しい。,36
忙しい時間帯や、レジに多くのお客様がいる際空いてるレジがあるなら、全部使ってお客様の流れを早くして欲しい。,41
レジ担当者すこぶる無愛想だった こういう人はココで珍しいですね…バイトという印象ではなかったが喋り方もブッキラボウで丁寧さに欠けていたし品物の扱いも雑だった。,40
レジが早くてすごい。,41
アプリのアップデートでクーポンが分からないのがあり、レジで店員さんに聞いたけど、あ〜アップデートで難しく分かりませんと言われ対応してくれませんでした わからないから聞いてるのに、対応しないなら聞く意味無いとおもいました 。,39
トイレを増やして欲しい。あと、汚い,55
皆さん親切丁寧です。,40
子供服をもっと増やして欲しいです 。,19
お昼時間なのにレジが3ヵ所しか開いてなくて、どこも前に8人位ならんでいました！。,41
素敵な笑顔に癒されました。,40
豚アレルギーの為　ターキーのハムやウインナーを取り扱ってくれたら嬉しいです。,30
通路が狭い 高い処の商品が取りにくい 。分かりにくい,43
楽しんでお買い物出来ました 。,15
レジの方が笑顔でとても優しく対応してくださりました ありがとうございます ボディーソープ系やヘア系が安いと嬉しいです 。,40
たまに値段のわからない商品があります 。,38
冷凍パスタの宣伝メールをいい加減にやめてほしい 目障り そんなことしなくても定期的に買っている 送る対象を間違えている 。,39
コード決済ができるようにして欲しい(楽天ペイ、PayPayなど…)。,45
照明が明るすぎて疲れた 。,50
お名前は確認していませんが、毎回あまりレジ対応の良くない方がいます 凄いレベルの対応を望んでる訳ではありませんが、気持ち良く買い物して帰りたいかと！。,40
リステリン安く提供して欲しいです。,16
空いているレジの方は、混んでいるレジに並んでいるお客様を誘導するともっと流れると思います。,41
店員さんの対応がよかった。,40
以前、六本木店でクリスマスツリーを購入したが、ツリーの幹や枝が折れていて、使い物にならなかった 残念！。,7
レジの方が早口で何度も聞き返してしまいましたすみませんでした。,40
お菓子のうまい棒のバラ売りがほしいです。,33
欲しいと思っていた車のワックスがクーポン対象になっていて嬉しかったです 商品の前で悩んでいたら店員さんが声をかけてくださって、クーポンを使うことができました 親切な対応に感謝です 。,0
R1　いつも利用してます 手頃な値段で買えて助かってます 。,30
レジのNさんに丁寧な対応してもらいました 。,40
クジしょっぱ過ぎない？１ポイントですら１年で５回も当たらんぞ？。,45
従業員のYさんの応対等が良かった、気配りもできていました 。,40
支払いをスムーズにする為に、繁忙時は、すべてのレジを解放して欲しい事と宇品店のように店員さんの商品レジスキャンて購入金額が確定したら支払いを顧客自動精算機でできるようにしてもらえればと思います 。,41
なんでも安くてよく利用するが、夜遅く買い物に行った際、従業員数が少ないのかもしれないが通路に空き段ボールが放置していて整理されていない感じがした そこで作業中なら仕方ないが従業員はそばにいなかったのが残念であった！。,42
毎回マジカアプリで購入 合計金額をギリギリの金額でチャージして購入している いつもはチャージ後に精算バーコードをピッとしてもらうが、今回は先にピッとされた （レジの人が先にと、、）後で、購入金額をチャージして、決済しようとしたら残高が足りませんとはじかれた 困ってもレジが並んでるからか店員は見てみぬふり しばらく待っても反映しなかったから、やっぱりチャージを先にしないと、ピッとしてはいけないのだと思う 困ったが、とりあえずポイントがかなりたまってたので、ポイント払いをしたので事なきを得たが、なんか損した気分 チャージのタイミングがうまく機械上できないのであれば、ピッとするタイミングを考えて欲しい 店員さん、淡々とレジをしている様子 お金がそんなにあるわけじゃないので、先に大きい金額をチャージ出来ない 店員名、レジのレシートは草田さんとなっています 。,41
こちらの確認不足ですが…レジにて、電子マネーは使えません と言われたまではよかったが、会計後にも「IC交通系の電子マネーはご利用出来ません 」と必要以上に言われた感じがする どう思われたか分かりませんが、「申し訳ございません、その電子マネーはご利用出来ません 」だけでよくないですか 丁寧な口調な方でしたが、申し訳ございません などの言葉はなく、なんで知らないの？という感じが見て取れましたので…ちょっと残念です 。,40
週末でお客様がたくさんで混んでいましたが、レジ等はスムーズでした 。,41
お昼に来店させてもらいました 品出しなど店員さん達も忙しく働いているのに、男性店員(眼鏡の人)ボォーっと突っ立ってボソボソ何か独り言?!言いながら手遊び 店長さんも注意して見た方がいいのでは?!他の真面目に働いてる人が可哀想です 。,40
早朝で空いてたので良かったです 。,42
アップデートしたマジカアプリ、クーポンのカテゴリがなくなった気がしますが見落としでしょうか？探しづらい感じがします 。,46
ジャスミンティーのペットをケースで買いたいが箱入りがない時が多いのでバラで買っているケースでの在庫を置いてほしい。,29
今日の買い物でレジ打ちのミスがあり(クイン)電話での対応は普通だったが0570-059-601に電話して音声入力2を押しても上手く作動されず何度も無駄に電話させられストレスを感じた 忙しいのは分かるが初歩的な電話の繋げ方や単純なレジ打ちの間違えでも信用出来ず、その都度、買い上げた品をその場でレシート確認をするのはストレスがあり困る 。,40
高松店に有名なブランド品を増やして欲しい 。,20
名前を見そびれましたが、レジの方の対応は良かったです 。,40
間違えの多い人でした レジを打っている時に間違えを１つ見つけましたが、帰ってきてから家で見直したら、もう一つ、2個しか買ってないものが3個に打たれてました 忙しかったので、そのままにしてしまいましたが、せっかく安いものを買ったのに残念です 。,40
みなさん対応は良い。,40
希望している商品があったりなかったりして定期的に続けて購入が出来ず困る 安定して入荷してほしい 。,45
昼間のカラコン売り場の女性陣は本当に態度が悪過ぎます 私が会計している間も従業員の方を向いて話し続け、ありがとうございました、もなし ものを渡す時も片手 タメ口 毎回驚きます 通販だと遅かったり支払いが面倒なので仕方なく言ってますが-しかし、先日夜カラコンを買いに行ったら男性が会計をしてくれたのですが、とても丁寧でした ありがとうございました 。,40
愛知県稲沢市のドンキホーテ稲沢東店でほぼ買い物をしているのですが朝から食品レジにいる「X」さんという店員さんの態度がいつも気になりますこちらがドリンクは倒して入れてください等、話しかけても完全無視です！相槌もうたずの無視ですもう少し研修するなり、お客に対しての対応に気を遣っていただきたいです。,40
9／16夕方17時前後にお買い物をさせて頂きました 欲しい商品が安くて嬉しかったです ついでに色々と購入してレジに並んでいました 私の前に並んでた方がアンパンマンのDVDのような物を購入したところ店員さんがシールを貼る時に一言、アンパンマンのパッケージの邪魔をしない位置に貼っておきますねー！と言っていた事に驚きました 私の番になり生理用品や歯磨き粉を買ったら、無料の見えない袋があるのでそれにまとめて入れておきましょうか？と、笑顔で入れてもらいました 今まで何度も利用していますがその対応をした従業員は初めてでした 必ずそのサービスをして欲しいと言うわけではありませんが、そう言う何気ない配慮のできる従業員がいる事が嬉しく思いますし、安心して買い物ができるなぁ と率直に思いました その従業員の人にこれからもお仕事を続けてくださいね と伝えて欲しいです 。,40
全対的に安いから良い!。,38
レジ待ち改善。,41
書いすぎて台車で運ぶとれじーの女性が出てきて荷物を精算機の横に乗せてくれてうれしです 。,41
カートの返却場所が増えるといいなと思います 。,43
レジが並んでるにかなり。,41
袋詰する台まで遠いし狭い 。,43
セルフレジを導入していただきたい 。,41
レジに並ぶと直ぐにCさん（女性の方）が手を上げて会計に案内してくれました 急いでいたので、スムーズに支払いができ、助かりました 。,41
旅行先で、初めて入った店舗ですが、駐車場の入り方がわかりづらかった 。,52
一度買って、気に入った品物が２～３日後には売り切れてます その後同じ品物が入荷されなくって残念です 人気の品物は継続して入荷して欲しいですね 。,45
以前の商品などの配置が良かった！今迷路みたいで疲れる一方通行にしたのか？？。,43
店の都合なのか、その店員だけなのか上から目線で「これ、こうしないと困るのよ」と注意された 「次からは気を付けて」って すごくイヤな日になった 。,40
一階全入り口にペットボトル回収箱を置いてほしい 。,17
カートは、いつも整理されてます レジの方も、顔確認しています。,41
みなさん丁寧に対応してくれました 。,40
以前お店にあった日本製のマスクを扱ってほしい 1000円以下の商品です 。,16
カップフヌードルの合体シリーズがどこよりも高くて残念 ,15
ドリンクの種類を増やして欲しいです！。,29
買い物カゴに焼き鳥のタレ？みたいな汚れが少しついていました しっかりと拭き取り消毒していただきたいです 。,42
いつもレジの対応が早くて嬉しいです 。,41
レジの方の対応がとても良かったです 。,40
前にレジが見習い店員みたいてクレカのmajica番号を読まずに会計されてポイントが付かなかった こちらも初めてクレカ使ったため決済すれば自動に付くと思っていた 今はスマホのmajica番号とクレカをそれぞれ読み込ましている 見習いのレジは指導者がいたほうがよい 。,41
荷物を袋につめるところがせまい。,43
レジが親切でした！。,40
スタッフ皆さまに親切に対応して頂いております 。,40
レジ担当の方の対応が良かったです カートを使っていると狭くて通れない場所があるので、もう少し改善して頂けると助かります 。,41
今日は欠品が多過ぎる クーポンが発行出来ても､商品が欠品していて購入できなかったドン・キホーテ多摩瑞穂店。,48
キャットフードをもう少しお安くしてもらいたいです 。,17
冷凍食品を購入したがドライアイスが必要か声掛けが無かった後から請求した。,30
レジ担当の方は対応がとても良かったです その他の従業員の方は相変わらず、お客を見ず目の前の自分の仕事しか見ていない印象です ”本日の特売“が増えた様に見えたのは良かったです 。,40
説明しづらいです 。,40
座椅子の値段がわからないのがあった 誰が見てもわかりやすいようにしてほしいです 。,7
バーゲンブックが良かった すみっコぐらしがあまりなかった 。,1
無料の袋を入れときますと先に言ってくれた 。,40
お弁当買ったけどお箸もらえなかった 何か応募用紙をもらってた人もいたけど私は3千円以上買ったけどもらえなかった 。,40
混んでいても、皆さんニコニコとしていますね 頑張って下さい。,40
混雑時にレジを全部解放して欲しい。,41
ヘアカラーの下の棚が埃っぽかったです 。,42
いつも優しい店員さんがいる,40
モヤシとリプトンのミルクティーを安くして欲しいです 。,30
商品を整列している従業員が通路をふさいでいて通行するのにとても邪魔です 。,43
レジの人はいつも親切です。,40
今日はレジがとても混んでいました 。,41
品切れが多すぎ もう少し品揃えをしっかりして欲しい 。,48
売り場で聞きたいことがあっても、店員さんがなかなか見当たらない (レジの方は忙しそうで聞きにくいし、サービスカウンターまでは行きたくない)。,40
伊藤園のペットボトルで、からだいいこと黒豆茶500mlを安くいれてほしいですすごく香りが良くて美味しいです近郊で文具の事務キチで74円くらい？でありました。,15
会計の人はとてもよかった 。,40
レジの方や従業員さんの対応が良かったです また利用したいです！。,40
またボディメンテを入荷してほしい！箱買いします！。,29
店内にカートを置いてほしい。,43
夏場の便座の温度はもっと下げて欲しい 。,56
伊勢市のごみ袋、少し高いかなと思います 。,30
このアプリでもHP上でもいいので各店舗のフロアマップがあると助かります 。,43
従業員全員がもう少し愛想良く対応してくれると気持ちよく買い物できる お菓子全般値上げしないで欲しい お菓子はドンキでしか買わないので 。,40
店内にもカート置き場があった方が良い カゴだけで買い物済むと思ったら、重くなったのでカートを取りに入口外に取りに行くのが面倒 。,43
リニューアルして店の中が明るくなって、商品がゴチャゴチャしてなくて通路も広く買い物しやすくなったと感じました 。,43
アイスの冷凍温度もう少し下げて欲しいです 買ってすぐ食べてるのにすでに溶けてて困ります 毎回です 。,30
商品にけっこう埃がたまってる。,42
配置が変わり少し見やすくなりました トイレットペーパーを溝の口店や蒲田店位の値段に下げて欲しい 。,45
サービスカウンターの方の対応が親切丁寧で良かった。,40
クーポン取得する際、カテゴリーわけがされてないので、探す事が面倒くさいです クーポンを探す時間も短縮したいので、これからはあまり、利用しないと思います 高齢の母は普段から、食品系と生活雑貨系の購入がおもですので、ますますドンキホーテの利用は少なくなると思います 画面が急に変わった事により少しパニックになっていたので 未だにドンキホーテで買物した事を、ピアゴで買物して来た と、話すので笑。,46
ベビーカーでエレベーターに乗る時、いつもお店の方が対応してくださって素晴らしい！。,40
スムーズでした,40
スナック菓子のポテトチップスが高いので安くしてほしい。,29
レジ解放、もう少し、多めに、してください。,41
ペットボトル飲料を安くしてほしい 他店をあげて申し訳ないですが、カネスエはアクエリアス→５８円です 。,30
今日は　昼時に行ったからかな　レジが少し混んでいた　もう１列位開いてると良かったなと思った　でも余り時間は掛からなかった。,41
もう少し 障害者に 優しく できる まる買い物が できるようにしてください 。,56
覚えたら棚変え‼️覚えたら棚変え‼️。,44
食品コーナーの品揃えが酷すぎる。,30
何時に行っても、欠品している商品がある 例えば、ポテチとか 在庫が無いのか、並べる気が無いのか、はっきりして欲しい 。,48
レジが、よく混んでる。,41
食料品を安くして欲しい。,30
安くて良いが、店外汚い。,42
ブラブラ買物するには商品の陳列が独特で楽しめます。,44
レジ担当の方がお客様の顔見ながら声かけしていて気持ちよかったです ありがとうございます どの方も同じように接客してくれたらいいですね 。,40
気持ちの良い対応でした。,40
エゴマの葉を置いて欲しいです。,30
レジにいると思った店員がいきなり別のレジに移動してしまい、とても待たされた。,40
次回から従業員さんのお名前見るようにして、感じの良い方発表します 今日の方は、少々ぶっきらぼうでした 。,40
店員さんの対応がよかった。,40
Webクーポンしか割り引きのない物は買わない！同じ会員で､区別するか？。,46
激辛カルパス売れ切れだった 。,15
みなさんいい人たちばかりです。,40
店内位置替えでわかりにくくなった。,43
いつもレジがいっぱいなので、もっとレジを開けてもらうかセルフレジがあるといい。,41
レジの男の店員は、なんの挨拶もない！。,40
アシードブリュー(株)のバニラ&チェリーコーラを常に品揃えして欲しいです 1年に1回位しか見かけないので…見つけたら必ず購入するがいつでも帰るの安心がない。,30
レノアハピネスを安くして欲しい 。,8
店員は良かったけど、くじの意味有りますか？アンケートを取るだけの当たりの無いくじでは？仕事場は2000人近くいますが、当たった人は聞いた事無いです 。,49
野菜を多く仕入れてください 。,36
昨今、値上げ、値上げで、大変、これはドンキホーテが絶対、徳と云う物をピーアールして欲しい、勝手乍 。,39
本日のレジKDさん、いらっしゃいませの挨拶も無しです、商品の取り扱いも非常に雑でした お伝え下さいませ 。,40
現金払いが当たり前だったので、電子マネーとかpay払いはまだなれてないのでいろんなことがわからないことばかりです わからないとレジで戸惑って時間がかかり周りに迷惑をかけてしまいます 。,41
レジの男性が 丁寧にチャージしたら2年有効 と説明してくれました ありがとうございました 。,40
店舗によってはお米が安い 地域にもよるかもしれないですが、なかなかこの世の中お米の時代では無くなってきてますが、とっても安いイメージだったので、今回は見に行来ましたが買いませんでした でも、買い予定のないものばかりつい買ってしまうので、行ったら何か必ず買います！また行きます！。,30
いつも利用させていただいてます 品揃えが豊富で安くとても助かっております ありがとうございます 一つだけお願いするとしたら、韓国系のカップラーメンが食べたくて、高田馬場周辺で売っているところで思い浮かぶのはドンキだけだったので買いにいきましたが、韓国系の商品があまり陳列されたなくて少し残念でした 東府中のドンキに行った時、韓国系のコーナーがあったりしてました 今、YouTubeなどでモッパン動画が流行っているので、ぜひ高田馬場のドンキ様にも韓国系の商品を取り扱っていただきたいと願ってます 。,44
リステリンは？。,16
愛想の良い店員さんが多いので気持ちよく買い物できてます 。,40
他の店と比較しても商品の値段がたいして変わらないので日用品とか食品やら買うなら他で買ったほうがいいかなと思う値段設定かなと思う。,39
れじの人の対応よかったです 品出ししている人は、少し通りづらく、仕事に夢中なのか、こっちがよけてる感じで、気付いてほしかったです 。,40
ドンペンお誕生日おめでとうございます！ふなっしー ソニック 丸山桂里奈さん 等からのおめでとうコメント動画を店頭で見れたので、うれしかったです 。,57
今回、売場価格表示とレジ精算価格が違ってた 。,45
入店時レジは空いていましたが、「いらっしゃいませ」はありませんでした 。,40
いつも利用させてもらっています 店員さんの対応はいつも良くして貰っております 今は物価高で大変だけどドンキさんにはいつも助かっております これからもよろしくお願いします 。,40
また、フライパンの、安売りをして下さい。,8
我が家の在庫がすぐ無くなるので、ギャッツビーの洗顔をいつでも安くしてほしいです 。,28
場所がわからないので店員に聞きたいのに、店員がいない そのくせ、3人くらいでいつもおしゃべりしてる。,40
レジすこし待った 。,41
子どもを抱いてたらレジの店員の男性がとても親切にカゴを運んでくれたり笑顔で対応してくれました。,40
値段も安く、ドンキブランドの商品も大好きです！。,38
何度もアンケートに書いてますが、トイレットペーパーのシングルを置いて欲しいです。,30
ビールがもうすぐ値上げするのでレジの前に置いてもらって助かります 。,30
ラーメンの麺を買いに行ったらなかったです。,45
混んでいても、空いてるレジに誘導してくれて、前に置いていた商品が見当たらなく、店員さんに、聴くと、端末で在庫などを確認してくれて、親切丁寧な対応をしてくださいました 季節の移り代わりの商品などわかりやすく、値下げ品も満足して買えます 。,41
買いたい物の場所がわからない時、従業員さんがいなくて困る。,40
お名前は覚えておりませんが、新人さんマークが付いた方でしたが、対応が良くスムーズでした 。,40
商品の陳列が綺麗で見やすかった 。,44
案内図が欲しい。,43
サービスカウンターの店員さんが対応が良いです。,40
仕事が早いベテランの店員さんのレジを選びがちです スマホから会員コードの読み取りにはコツがいるようで、慣れてない店員さんはかなり時間がかかる時があります 「金券や電子マネーのご使用はないですか？」の質問に毎回答えるのは面倒なので正直無くしてほしいです 。,41
食品のレジの『K』さん（名札に書いてありました）私の顔をちゃんと見て『いつもご利用ありがとうございます』と丁寧に笑顔で挨拶してくれました とても感じの良くテキパキして商品も丁寧に扱ってくれました まだ若いのに素晴らしい対応でした 買い物して気持ちよく帰れるのって最高に気持ち良いです 又買い物に来ます 。,40
広告の商品がどこにあるか分からない、店中探したが分からなかった❗️分かりやすくして下さい‼️。,44
いつも親切丁寧です!日本人以外の方も、もう少し愛想が良ければもっと良いと思います 。,40
地下駐車場のカートを整理してるおじさんの笑顔と対応が素敵 。,52
最初に並んでたレジで前のお客さんがちょっと時間かかりそうでした すぐに従業員の加藤さんが笑顔でこちらにどうぞとレジを開けてくれました ずっと笑顔で対応も良かったです 。,40
ビールを安く‼️。,29
寝具のマットレスの種類を多くして欲しい,11
お肉安くして欲しい 。,35
Bさんgood。,40
怪しい人に間違われた 残念です 。,40
スッキリをみてアスパラのお菓子を買いにきたのに取り扱ってないのはなぜ… 悲しい 枚方店 。,30
栃尾の油揚げ置いて欲しいタレなし納豆も置いて欲しい。,15
店内外の通路が狭く、子供連れや杖をついた人は買い物籠を持って歩くのは危険だと思う 。,43
レジがいつも混んでいて萎える 。,41
量販店より、お酒の種類が少ない 。,31
レジで商品をかごに移す際 商品の扱いが雑でした 駐輪場にカートがいくつもあって 道を塞いでいた 。,41
今日は食品類あまり特に安くワクワクする商品が無かったです。,30
トラベル用のシャンプーセットなどを置いて欲しい 。,8
店員の対応が良かった。,40
サービスカウンターの女性の方がよかった。,40
アニメコラボしてるグッズの詳細ポスターに売り切れシールが貼られてるのですが、店頭にある商品なのに売り切れシールが貼られてることがあるので、注意してほしいです 。,1
商品がたくさんあって、探すのが大変‼️ただ、野菜の新鮮さがあまり無いのか、レタスは溶けかけてあったり、トマトを買いましたが、シワシワになっていたり、全部でないにしても、鮮度のよくない物は、安くして、回転を良くしないと、新しい物が陳列出来ずに、繰り返しになるのでは⁉️ドンキさんで、野菜の割引を見かけた事が無いので、悪くなったら、組替えて出してるの⁉️と、思ってしまいます。,45
急いでいる時に探している商品が移動していると見付けにくいです 。,44
通りかかった店員さんに、秋のハッピーお宝くじの当選番号の掲示場所を聞いたら、優しく案内してくれた 。,40
今日も、身障者用の駐車スペースに健常者の車が堂々と、駐車されていた まだこんな事してまで近くに駐車したがる人がいるようだ なんらかの対策して欲しい とても気になる 。,56
ヨーグルトの種類を増やしてほしいです！！。,30
レジが混んでてビックリ!毎日こうなのかな？お客さんに感謝ですね 。,41
野菜と牛肉と豚肉の販売もしてほしいです 。,30
今回のレジをしてくださった方は、以前商品のことを聞いた時も丁寧に対応してくださったので、嬉しく思いました 。,40
レジの方が笑顔で対応されてました！。,40
ペット用品増やして欲しい。,17
ポテチを安くして欲しい 。,30
マーガリンが値上がっていました ショック‼️。,30
いつも良いお店と思います 今後もよろしくお願いします 。,40
季節外れでもいちご置いて欲しいです 子供への手作り誕生日ケーキにいちごがあると嬉しいです 。,30
レジの方の印象がとても良かったです 明るい方で少し待ちましたが、気持ちよくお会計も出来て満足です また来ます！。,40
レジが混まないように…。,41
この日、迷子の子がいて、従業員の方に話したら、迷子の子の手を繋いで、その子の家族を探してくださってました 迷子の子は、嬉しそうに探しに行った姿を見て、私は安心しましたm(_ _)m。,54
地下にもお手洗いがほしい。,55
以前より高くなっている 。,39
何度も表示価格とレジ価格が違うと言わせてもらってます 今日も違いました 情熱価格プリマハム皮なしウインナーが198円と表示されていたので購入させていただきました 今日はその場で気付けず、夜にレシート見たら定価の239円 また違ってたんだ…とショックでした 前に知らない男性がお前のとこは詐欺ばかりやないか！店長呼べと怒鳴っているのを目撃しました こんなに何度も表示価格とレジ価格が違われると本当に詐欺なんじゃないかと思ってしまいます ちゃんとレジの価格を変更してほしいです 宜しくお願い致します 店員さんの対応はいつもよいです 。,45
リケンのノンオイルドレッシング、おろしを安くして欲しいです！。,29
店員さんの姿を見かけることが少なかった。,40
レジの方の対応がとても良かったです 。,40
こんなもんでしょう 。,39
惣菜がいつも一緒。,34
今日もレジ2箇所しか空いてなくて、早く帰宅したいので焦って買い物したに意味なく時間が経つ、なので会社帰りはなるべくドンキーさんは寄らないようにしてます 土日は最悪だと思います 。,41
クーポンを所有していたのに商品がなかった店員さんの対応イマイチでした、。,46
レジ係はぶすっとしていてヤダなぁと思ったが、キャベツをビニール袋に入れてくれたり、仕事は丁寧だった 。,40
ピーク時はレジを少し多く出してほしい 。,41
いつもありがとうございます 食品の位置が変更になったようで、お疲れ様でした いつもクーポン利用で購入しているお菓子が移動しており、メイン通路とお菓子コーナーを探しましたが見つからなかったです（ ;  ; ）しかし、お会計後に別の通路のところに移動してあるのを見つけて…少し悩ましかったです 。,44
レジ混みすぎ。,41
スピードも良く、満足しています 。,41
お寿司が安くて美味しかったです 値上がりするばかりなので色々安いと助かります 。,30
以前あったドンキホーテオリジナルブランド冷凍食品のベリーミックスとパスタのにんにくペペロンチーノが最近見当たらないので、再度入荷してほしいです 。,30
食品売場の生鮮品がもっとバリエーションがあればと思います 一人飯だと　例えば精肉は小パックでも多いくらい また、鮮魚は冷凍のみならば銀ダラやカラスカレイぜひ入れてほしい 。,30
北海道商品を増やして欲しい。,45
　今回時間なくて確認できませんでしたが野菜を4個で〇〇円のレジがよく間違ってます 今回も確認しながら4個購入したと思ったのにはじかれていて確認したかったのですが何円だけなので時間なくやめました 以前にも2回ほどありそのうち1回は100円以上違っていました この半年くらいでもし、今回もでしたら3回目です 注意して下さい。,38
クーポン発券機の所在がわかりにくかった。,43
新ゴボウを安くお願いします。,30
久しぶりの八丁堀店でしたが楽しかったです。,43
検査キットが欲しくてmajicaに強制的に登録させられ、折角だから、５%offのクーポン使いたくて初めてクーポン使うし定員に声かけてって書いてあったから聞いたらバーコードの画面で良いですって言われ、レシート見たら５%offはされてなくて他のクーポンは何個か使えてた クーポンの機能事態も使いにくいけど、定員の対応もめんどくさそうだし、スキャンした後のカゴに物を入れるのも雑でバッテリーに関しては、投げた？って思う入れ方で凄く不愉快でした クーポンの使用方法の改善も検討お願いします 。,46
majica払いを丁寧に教えてくれスムーズに会計ができました 期日が迫っているポイントもありそれから利用してと教えていただきポイントも捨てずに済みました ちなみにキャンペーンの300ポイントでした 。,41
スムーズに会計が出来た。,41
メキシコ産の緩衝材でくるんだアボカドが美味しかったです 国産豚の切り落としを安く売ってほしいです 。,30
いつもらっきょうの甘酢漬けが品切れしてるので、たくさん入れて欲しい 。,34
クーポンなどもたついていた。,46
レジでの対応が悪い事がある 袋をお願いしますって伝えても返事をしてもらえない！外国の方の方が優しくて丁寧です 。,40
木更津店でのことですが　クーポン発券保有出来たのに商品が無いってひどいなと思いました 。,48
カラーコンタクトが2箱で980円などよくカラコンを買うのでとても良かったです！！従業員さんの対応が少し冷たい気がしました。,16
レジの若い店員さんが優しそうだった 日替わり商品がすごく安いので毎日行っています 。,38
箸を着けるか聞いてくれた。,40
このままのサービスでお願いします 。,39
従業員のNさんは買った商品を雑に扱ったり対応がすごく悪かった昨日買った化粧品を使おうと開けたら不良品だったから電話したら誤りもしない最低だと思う。,25
朝一は品出し中が多く、カートが通りにくい通路が多い客に気を使わせたらおしまいでは？。,44
他店にない品揃えをお願いします 。,44
スプレッドで、明治スプレッタブルという商品を置いてほしい。しょうゆとマヨネーズは安めにしてほしい。お菓子はスーパーと値段がほぼ変わらないので季節ものの商品は安めに置いて頂くとかしたらわざわざ買いに行く価値があるかと思います。,45
買い物しやすかった。,43
ちいかわの商品食品を販売して欲しいです。,30
シェイバーの替え刃を安くしてほしい！。,6
9月の特売品がたくさん有って良かったです!。,45
冷凍食品の惣菜を増やして欲しい。,30
忙しいか、コロナウイルスか余り、声かけは有りません お客さまの籠から袋が落ちて、レジの補佐の人がその袋を誤って踏みそのままお客さまの籠に返してました 商品を取り変えた方が良かったのではないかな。,40
トイレが汚い店は全体が汚い トイレの換気扇見てみろ。,42
身体障害者駐車スペースに一般車が駐車私は障害者　非常に迷惑店側として何か一般車駐車させない努力をして欲しい。,52
キャラパキ安くしてほしい キャンペーン葉書をおいてほしい 。,1
レジのTTさんは丁寧で、空いてたらラッキー！と思って並びます 。,41
日清焼きそばBIGUFOを販売して下さい。,30
箱じゃないガリガリ君を置いてほしい 。,15
いつも通りの客対応でした 。,40
毛穴撫子シリーズを安くして欲しい。,28
牛脂の場所がよくわからなかった ステーキ肉の近くにあると嬉しいです 。,30
衣料品に特化した店にして欲しいです ゲｰムとかは、要らない 年配の人ように種類を増やして欲しいです 。,19
前より　わずかに良くなって　きてますが、まだまだですね!!　今週は、対応の良くない　店員の名札確認します！　。,40
ルートビアがあれば毎日買います。,30
トイレがわかりにくかったです もっと看板を増やしてもらえたら嬉しいです 。,55
日替わりの商品が開店1時間しないのに売り切れは早すぎる 。,45
無料レジ袋ありがとうございます 情熱価格の赤ちゃんのお尻拭き入荷お願い致します。,30
サービスカウンターの対応が丁寧だった。,40
ビジネスシューズが増えました 。,19
夜きても食品があるのが嬉しい。,30
男性の対応が悪かった。もういかない。,40
PBのペットシートの値上げ巾が大き過ぎ 他店の方が安くなってます 見直ししてもらえないですか？。,17
サラダチキンと燻麦値段戻して下さい。,30
Kさんという従業員の方が、重い箱のドリンクを運んでくれました いつも親切にしてくださる方で、助かります ありがとうございました 。,40
詰替用の乾燥パセリが有機パセリの高いヤツしか無く、探しても見付かりませんでした 。,30
品だしの従業員さんまで、あいさつ徹底されていました 。,40
店員の配置が悪く、見つからない商品を探せない。,45
ドンキさんはどこのお店の人も優しいです 。,40
チャージのやり方を聞いたら、機械でやってくださいと言われましたが、丁寧でなく戸惑いました 。,40
普通に良かったです (普段から接客は良いですよ )。,40
丁寧な接客対応。,40
Eさんって方めっちゃ遅かった… 二つレジ空いてて私よりも後ろの人の方が会計終わるの早かった 生活用品、一つづつこれはこれは丁寧にちっちゃい袋に入れてくださりめちゃくちゃイライラしました 前も当たって最悪でした 。,41
Mさん、Sさん　対応がいいが、茶髪なのが気になる,40
こたにやって人、サービス業に向いてない 普通なら言わなくてもいい事が出来ないのでムカつく 。,40
レジが早くて嬉しいです 人の列ができるとすぐに応援の人が来てくれます！。,41
品数が少なくクーポンの商品がないことがある？。,45
サムライウーマンのシリーズ増やして欲しいです 。,19
一人者の為カット果物などの少量の商品を増やして欲しい できればブドウとか梨とか桃が食べたいのですが一人だとなかなか手を出せないです 。,34
皆んな優しい 。,40
アプリのバージョンアップを会計前に気づいて慌てました 告知あったのかしら？。,40
駐輪場の放置自転車を片付けて 麒麟の酎ハイグレープ味、500mlも販売して 酎ハイを冷やして 今日は店員さんの挨拶が多くて気持ちよかったです 。,10
【国産　おろし大根　４袋入  ¥100】【菅原冷蔵　広野工場　9:00~17:00土日祝日は除く　0234-92-3131】←販売を検討して下さい…。,30
セルフレジはなかなかなれないです 。,41
オープン当初は、格安で買える食材かあったのですが、今は全然少ないです 。,30
飲み物をもっと安くしてほしい。,29
近隣にドラッグストアがある 酒類のほとんどがドラッグストアのほうが安値で販売されており、弊社でもドラッグストアより安く販売してほしあ。,31
野菜があまり新鮮ではない椎茸も並んでる時点で既に赤っぽかったり　。,36
マスク越しで聴こえづらいかもしれないけれど、「えっ？」の聞き返しは、販売員としてはどうかと思いました 9月15日15時頃で新人マークを着けていました 。,40
今日は3箇所のレジ　すべて3～4人並んでいて結構時間がかかりました 。,41
対応は、人による 今日の対応は、もう少し丁寧にしても良かったと思う あまり気分は良くない 。,40
最近ドンキ行ってなかったけと、やっぱり安くていいな～と思った。,38
レジの場所が分かりづらい。,43
商品の場所が分かりにくい。,43
冷えている飲み物の種類を増やして欲しい。,30
いつも　安いと思います。,38
駐車場穴だらけ。,52
レジ対応良 今朝TVでドンキさんの特集を拝見しました さまざまな商品開発、興味深かったです フリーズドライ製法のものが多いようなので、こだわりお茶漬けを作ってみたらいかがでしょうか 。,30
いい店。,40
混んでいるレジに誘導するスタッフがレジを手伝っていたのがよかったです スタッフが機能的に連携していました 。,41
従業員のSさんの笑顔応対等が良かった 気配りもできていました 質問にも、いつも答えていただき、ありがとうございます 。,40
是非気軽にいただける飲食店を増やしてほしいです！フードコートでも店舗でも 。,29
レジの対応が親切で良かったです お刺身の切り身の品数増えたら嬉しいです 。,41
売り場の箱が空の物が目立つ 空の段ボール置いとく位なら場所縮小すればいいのに 広く歩ける方がいい。,43
名前は分かりませんが、常連で顔を覚えてもらっていて、とても丁寧な接客です 。,40
クジてなかなか当たら無いのやな～。,49
和泉中央店 今日暑かったですよ!!店内エアコンが切られてたのか、外と温度が同じでした ゆっくり商品を見たいのに汗出てゆっくりなんてしてられませんでした!!季節が進んだからエアコン切るのでは無く、その日の気温に合わせて欲しいです 皆が車で来るのでは無く、３０分以上運動を兼ねて歩いて行く客もいる事を考えてもらいたいです 。,53
ドンキ伊勢店のレジの店員さんは対応がすごくいいです 。,40
インスタントラーメン、お水、ドリンクをもう少し安くして欲しい。,30
マスクの種類はもうちょい増やしてくれへんかな？,8
レジ担当者を増員願います 。,41
トイレットペーパーを安くして欲しいです 。,30
店員さんはいつもみんな親切で丁寧です 。,40
タメ口の定員さんがいて気分が悪い。,40
食品を安くしてほしい！。,29
レジが混んでいる時間帯でも快く対応してくださる店員さん方にいつも感謝しております 。,40
メガネ、ふっくらされている男性ですが、何時も心地良い対応をされます 。,40
レジが2人体制だったので、とてもスムーズに終わりました 。,41
クーポンの品（ナビスコのクラッカー）が見つけにくかった。,44
銀座店のサッカー台にゴミ箱を設置してほしいです よろしくお願いします 。,43
子供と行く事が多いので、通路がもう少し広かったらなぁと思います 。,43
　今のところ，特段対応の悪い従業員に当たったことはない また、贅沢なお願いかもしれないが、もう少し笑顔を増やしてくれるとありがたい 。,40
今回も割引券を利用できてなくって会計やり直し度々あるので困る。,41
始まったばかりだったかもしれませんが、ビールの箱に貼るシールが無いとか、隣のレジに聞いてましたよ。,45
レジは人によって対応がかなり違いますね 年齢が上の方の方が丁寧な対応ができてると思います ー。,40
お客が従業員の近くを通っても、またお客の姿を見ても、「いらっしゃいませ」の言葉が無かった 接客用語が出来きていなかった 。,40
トイレが汚い。長居ができん,42
今日も、皆さん感じ良かったです 。,40
レジもスムーズでした。,41
スタッフの皆さんがキビキビと働いていて、いつ行っても気持ちが良いです！！。,40
食品もっと安くして。,30
自転車なので空気入れを用意してほしい 。,10
レジの対応はいつも丁寧です 。,40
バーゲンブックが良かった すみっコぐらしがあまりなかった 。,1
クーポン商品の表示が、以前より分かりやすくなった気がする 。,44
頻繁に売り場が、急に変わるのが困ります。,43
品揃えが良かった。,44
携帯に関する商品ですが、携帯カバーなど以前は種類や数もたくさんあったと思うんですが？今はあまりなくて残念でした モバイルバッテリーに関しては安くなっていて、説明が大きく書いて貼ってあったのでわかりやすくてよかったです 。,3
炭酸水を安くしてほしい。,30
洗顔フォームを探したが見つかるまで時間がかかった、しかも種類が少ないドンキホーテの方が種類が多く珍しいタイプがあるメガドンキの方が売り場広いのに、種類が少なく残念。,8
カートを使ったんですが袋代が加算されてました お店の中もカートを使うと入れないところもあり見にくかってです 。,44
食料品の値段を下げて欲しい 期限の近い商品の割引を増やして欲しい。,30
朝早く利用してます 他のお店は開店してないので助かってます 開店間際は他のお客様も少なく、ゆっくり買い物か出来て、駐車場も近くに止められるので重い買い物も出来ます これからも利用したいと思います。,52
アンケートが当たりません。,45
トイレットペーパーの種類を増やしてほしい。,8
子供用マスクの在庫が少なかったので、常に置いてあると良いと思う 。,8
レジの改善。,41
リニューアル前だから？欠品が多かっつです 。,48
接客があまり良くない みんなちょっと派手すぎる。,40
消費期限が近いものが特に安くなっていて それに出会えたらラッキー とってもお得 。,30
丁寧 majicaの使い方に手間取っていたらサポートもしてくれて助かった。,39
いつも安くてスーパー変わりに楽しみに来ています。,38
コーンドレッシング置いてほしぃ！。,30
見た目で敬遠していましたが、時々通ううちに考えが改まりました これからも宜しくお願い致します 。,40
地下に降りる階段のセールスが毎回毎回うざい。,40
レジがすいていた為、袋に入れて下さって助かりました 袋が無料も有難い 。,41
チョコレート菓子が安くて助かってます！チョコレートが無い人生なんて考えられないので 。,33
誰も親切丁寧です。,40
今日も快適にお買い物が出来ました 有難うございました 。,40
忙しい中、手際良くしていただきました 欲しいものも買えて良かったです 。,40
駐車場で高齢者の母をのせていたら、掃除の方がとおりかかって、空いたカゴを持っていってくださいました すごく助かりました。,52
レジ待ち改善。,41
優しい定員さんばかりで買い物してて楽しい買い物になります。,40
有料になってるので、買い物ビニル袋を少し厚いのにしてほしい 角のあるものなどでよく破けるので 。,39
サービスカウンターの方の対応が早くて助かります 。,40
変わらず。,45
従業員のUさんがとても親切で気持ちよかったです 。,40
豆乳が入っているパック、テトラパックの回収をしてくれたら嬉しいです 資源なのに捨てられていて残念です 。,39
食品レジにいたSさんの対応がとっても良かったです きちんと目を見て、丁寧に対応してもらえたのが、気持ち良かったです 。,40
キリンアリカリイオン水安くしてください 。,16
ガリガリ君を複数購入したときレジを通したら袋の中で商品が割れているのに気がついたスタッフの方が新しい商品とその場ですぐ交換してくれたおかげで助かりました。,30
広告商品が前面になく奥にあり見つけられず、2回も店員に聞きました 指示により別の店員の方がその場所まで案内してくれましたが、棚を指差しただけで顔も見ずに立ち去りました その上、値段も通常価格であり訂正してもらいました 売場名だけ聞いても辿り着かない事もあるし初めから案内するべきではないでしょうか 10分以上散々探した後で大変疲れました 。,40
レジが混雑している時はヘルプが来てくれると良いと思います お客さんがイライラしていて店員さんが可哀想 。,40
レジの、Mさんという方が、とても感じの良い対応をしてくださり、気持ちよく買い物をすることができました ありがとうございました 。,40
対応はとても良かったです!。,40
江坂店、無料レジ袋をすすめてくれた 助かりました 。,41
日本のお菓子だけは一階にしてほしい。,30
このくじがもう1年以上当たってないけど、どんな確率なんでしょうかね?!。,49
レジ画面が見えない。,41
クーポンがみつけられず、購入しなかった 。,46
アプリ　アップデートしたら、異常に使いづらい 元のほうがよかった！！。,39
Tさんのレジがスムーズで早かった,41
クーポンの商品が何処にあるか分からず店員さんに尋ねると探しに行ってなかなか戻って来ず他の店員さんを連れて来て探し回りやっと見つかると、店員さん同士が、「何処にあるか分かりにくいわ」と話していました 店員さん達がそんな事を言うのだから私達が分からないのは頷ける 店員さんに何処に何があるか分かっていて欲しい。,45
クールグリースの再度取り扱いお願いします！。,16
携帯の電波が悪いので改善して欲しい。,3
満足です 品揃えが豊富で不満はありません 。,44
迷路過ぎて迷う。,43
Tがとにかく溜口でなれなれしい,40
レジで対応して頂いた時、精算をしていた方とは別の店員さんが精算していた方に話しかけ、無言でレシートを渡されました レジも混雑しており、確認しなきゃならないことがあったのかもしれませんが、何も言わずにレシートを渡されそのまま対応を終えられたのは不快に感じました 。,40
レジスタッフさんは、どの方も、笑顔で、嫌な気分になったことがないです 。,40
1階のレジを複数にしてほしいです 食品を少し購入するだけで長い列に並ぶのは嫌です 。,41
家電 もーひと頑張り下げてほしい。,2
レジに行列ができていた中、会計レジのトラブル？でレジに入っていた店の人がいなかった でもちょっとしたら他のレジが開き始めたからよかった。,41
クーポン獲得しても商品がない！残念。,48
買い物袋を忘れた時、マジカで支払うともらえたので助かりました 。,41
クーポンの種類を増やしてほしい。,46
閉店間際にお惣菜１０％引きじゃ廃棄が増えるのでは？？。,34
ドンペンシールのクーポンを保有してレジで買い物をしたら、店員に在庫が切れましたと言われました クーポン保有した分は確保して欲しかったです とても残念でした 。,48
レジからの動線が良くなり、買い物がしやすくなった。,43
会計時にSSさんがLINEのお友達登録を勧めて下さりスマホの登録の方法も丁寧に教えてくれました ありがとうございました 。,40
自転車が停められなくて困りました。,10
ドリンクの種類を増やしてくださいね。,29
レジは常時2ヶ所開放してください 。,41
商品が綺麗に並べられていた。,44
手ぶら便の対応が悪い 効率が悪くモタモタしている 。,8
レジ担当の方が、すごくいい方だった 。,40
サービスカウンターの人材の配置が最悪 サービスに人がいなかったので呼び出しボタンを押したがなかなか、来なかった そのあと、ギフトの包装を頼んだが、すぐに包装してもらえなかった しばらく待っていたが他のお客さんを接客していた 時間がかかる場合は、先に言って欲しい 王道キムチがなくなっていた 復活させて欲しい 。,40
カツカレーライスを、購入したのだけど、フォークと割り箸しか無くて、残念ですスプーンも有ると嬉しかったです 。,45
クーポンが出ている商品の中にどこにも陳列されてないものがある。,44
レジが遅いうえに態度がわるい。,41
また値札とレジの金額が違いました 。,38
クーポンについて、詳しく教えてくれました 。,39
柔軟剤と洗濯洗剤の大容量を置いて欲しいです！。,8
先週買った大袋の梨、傷んだものが入っていました 商品管理を徹底してください 。,45
あさひ　本生を、安くして欲しい。,10
とても優しい従業員さんで丁寧な接客でした 。,40
外国人のスタッフの方が丁寧に対応してくださりました 。,40
携帯で、クーポンを探すのが大変。,46
カット野菜キャベツ安くしてくださいね。,30
対応が良かった。,40
通路が広くなり買いやすくなったレジの上に「開いてます」はわかりやすい。,41
初めて行きました 広くてドンキに来たなーと思いました 。,43
ビールにオマケがついていると買ってしまいます。,29
定員さんの対応は良いです しかしながら、キラキラシールプレゼントを得る為に、別のサービスカウンターまで移動するのは難儀な事 更に氏名まで記載され、簡易にして欲しい 知っていれば、モラわかなったです 会計時に、素早く受け取れる様にした方が良いと思いました また、フードコートが無くなり、レジの位置が移動してましたが、レジと買い物した商品を置く場所の空間が狭く、他の買い物客とぶつかりそうな距離 改善した方が移動し易く、お客さまの為になると感じました 。,40
品数豊富で安い　ド商品楽しいです。,45
レジのいとうさんとても感じも対応も良かったです。,40
会員限定値引きの値札が見にくいものが多かったです 。,43
クーポンをもっと充実して欲しい 。,45
 前回も書かせて頂きましたが、従業員さんの対応はいつも丁寧なので、安心して買い物ができます 有り難うこざいます 。,40
5.6コ入の菓子パンが魅力的なものが全くない事が多い。,30
安売りの品の所に違う商品が入っていて、間違えて購入しそうになった 気になる商品があったが値段表示がなく購入しなかった。,45
2.2ミリの太麺パスタを入れて下さい 。,15
最近、レジの方の対応がとても良く感じます 。,40
クーポンはあるが、商品がないのがここ何回かある。仕方ないが残念。,48
いつも言ってるけどスタッフ対応態度悪い！。,40
朝早かったので、レジに並ぶ人なし レジの人の名前はわからないが、クーポンがちゃんと使われている事を知らせてくれて良いと感じた 。,40
トイレを綺麗にしてほしいです。,55
会計の列が少し動線悪かったです 。,43
30MS 30MMは、人気があるプラモなので少数で良いので入れて欲しい特に本体よりもオプションパーツ類また　プラモ系を取り扱っている店舗の情報をSNSで表示してほしい。,1
会計も空いていてスムーズにできてとても良かった。,41
一人者の為カット果物などの少量の商品を増やして欲しい できればブドウとか梨とか桃が食べたいのですが一人だとなかなか手を出せないです 。,34
インスタラーメンをもっと安くしてほしい 一人暮らしの男性には必需品です 。,15
イワタニのカセットフータフまるを安くして欲しい。,8
先日に続き同じ様なクレームです レジのSさん(男性) シャツを購入したのですが、プラスチックのハンガーをはずされる時、シャツが痛む外し方をされました そんな外され方されるくらいなら付けたままにして欲しいと伝えましたが、それでも無理矢理外そうとしました 結局外して裏返ったシャツを乱雑にカゴに入れられました 客の購入した商品を丁寧に扱う事は出来ないのですかね？マジカの買い物袋を忘れられたので、くださいと言うと睨みつけられました 店員としての資質を疑います 長年通っているので、しっかりした、店員さんも知っていますが、、、お客が気持ちよく買い物できるようには、ならないんですかね？。,40
最近レジの店員さんは皆さん言葉もハキハキしているしお客様対応が良くなったと思います、接客面では無いんですが！いつもワンちゃんの餌にササミのメガ盛りを買うんですが最近価格が高くなった上にササミの処理が雑になったような気がします薄皮がくっついていて食べるのは食べるんですが湯がいた後はがして与えてます 。,17
ベテランらしき人はいつも対応がよい。,40
男性従業員さんが研修中だったので、仕方ないのですが、分からない事だらけで、ベテランに聞きながらだったので、レジがかなり混雑していました 。,41
クーポン商品が見つからず、店員さんに訊ねたら快く案内してくれた いつも有り難うございます 。,40
最初に並んでたのに2番目の客の会計を先にされた 。,41
土日レジの混雑がきになる。,41
買い物カゴの積み上げが高くて高齢の小柄な方は届かないことが多い もう少し考えて配置お願いします 。,43
食料品、特に冷凍食品を増やしてほしい。,30
広くて一階と2階を見るの大変だなーと思いました 。,43
天然水のお水が地下なので、1階にも置いてほしいですね お水が1階にないのは不思議です 。,45
レジ待ち時間が長いです 。,41
全体的に前より高くなったから安くしてほしい。,39
買い物後にカゴの返却するのに一度店内に戻る形になるのですが荷物入れてるお客さんが居ると狭くて返却がしずらいかと言って他に返却に使えそうなスペースも無さそうだから仕方ない気もする。,43
レジのKさん？の対応と雰囲気がすごく良いです 。,40
いつも丁寧に接客していただいている 。,40
Calbeeのポテトチップスのセールをお願いします!!ドラッグストアよりドンキが安いのは知ってますが、もう少しだけで良いので値下げをお願いしますm(_ _)m。,30
レジの最近よく見るおばさん、声が聞こえなさすぎる はきがないというか… 隣のレジの人は、ちょい若くて、レジも早くハキハキしてた 並ぶとこ間違えた 。,40
レジの待ち時間を減らして欲しい！家電やジュニア服を増やして欲しい！お寿司やお弁当等もとても美味しく好きです オリジナルデザートがたくさんあったらいいなぁ 勝幡のサービスカウンターでお中元を送る時に対応してくれた女性がとても詳しく的確、迅速な対応で旦那と笑顔で帰宅しました^_^その時はありがとうございました 。,44
キャットフードをもう少しお安くしてもらいたいです 。,17
ペットボトル飲料が高い。,30
マシュマロがありませんでした 。,30
対応良きでした！。,40
名前は分かりませんが早い対応をしてくれました。,40
９時一番だと空いてていいけど商品の陳列であわただしい。,44
探し物をしている時に親切に若い女性の店員さんがさがしてくれました ありがとうございました 。,40
アイスクリームをかったので、ドライアイスを、聞いて頂き、解けずに持ち帰ることが出来、助かりましたありがとございます 　ちんすこう見つけてラッキー。,30
