黒マー油を置いて欲しいです 。,1
カートの台数を増やして下さい 。,1
重い買い物をしたかごを、台まで運んでもらって、助かりました。,0
混雑時にレジを全部解放して欲しい。,1
キレートレモンを安くしてほしい 。,1
食品を安くしてほしい！。,1
道路が混んでいて入りにくかった。,0
平日なのかレジは二つしか開いてなくて凄い行列でレジ待ちしてました 頭に来てので近くの従業員に話したらすぐレジを開けてくれました レジの人は並んでる人を見て応援を頼まないのですか？教育がなってないっておも。,1
9月1日くらいですが、パルムマルチのクーポン券があったので使おうとしたら、商品が無かったので在庫は置いといてほしい それを目当てで買いに来てるのにないのは困ります 。,1
店に置いてある、割引クーポン券がとれる機械ですが、夕方いくと、何もチケットがなくていつもがっかりです 枚数増やしてください 。,1
axeのボディースプレーの品揃えが少ないので、ゴールドウッドバニラ香を加えて欲しい 入荷すれば、必ず買います 。,1
迷路過ぎて迷う。,0
レジは常時2ヶ所開放してください 。,1
北海道限定クラッシックビールが、無くなっていた 前回行った時、買えたのに残念 また、置いて下さい 。,1
猫ちゃんのポンチュールの販売して欲しいです 今日買いに行ったけど見当たらなかったので売っていたかもしれないけど探すことができませんでした お店の方も中々探せなかったので諦めてかえって来ました 。,1
たまには、クジが当たって欲しい。,1
Mさん、Sさん　対応がいいが、茶髪なのが気になる,0
旅行先で、初めて入った店舗ですが、駐車場の入り方がわかりづらかった。,0
リンゴのバラ売りと袋とが違う場所にあり、バラ売りが欲しかったのに諦めそうになりました 同じ物はまとめてもらえると探しやすいです 。,1
Calbeeのポテトチップスのセールをお願いします!!ドラッグストアよりドンキが安いのは知ってますが、もう少しだけで良いので値下げをお願いしますm(_ _)m。,1
アプリのデジタルクーポンの先着数をもっと増やして欲しいです 。,1
大きいサイズの、アンダーウェアを、小スペースで良いので、置いて欲しいです (３L．４Ｌ．のパンツ などなど！！　。,1
矢作のドンキ最高。,0
レジご１台しか作動してなくかなり待たされた。,0
買いたい商品を一品忘れたら、取りに戻ることなくレジまで持って来てもらいました レジのMさんの対応のおかげです ありがとうございました 。,0
レジの女性が積極的で好印象でした 。,0
クイックペイのキャンペーンで対象外の店舗があるのが残念でした 全店舗での開催にしてほしかった 。,1
セルフレジを導入していただきたい 。,1
以前、リッツのチーズサンドがいつも在庫切れだとアンケートに上げたら、最近はいつも購入できて嬉しいです 対応していただきありがとうございます 物価高の昨今、お買い得な商品が多いドンキに助けられています 今後も良心的な価格設定をお願いします 。,1
レジ担当の方がお客様の顔見ながら声かけしていて気持ちよかったです ありがとうございます どの方も同じように接客してくれたらいいですね 。,0
いつもありがとうございます 。,0
鮭の切り身10切れセット、安くて定期購入していたのに無くなってしまって悲しいです……復活して欲しいです。,1
皆さん、優しいですよ 。,0
夏場の便座の温度はもっと下げて欲しい 。,1
クーポンをもっと充実して欲しい 。,1
セルフレジはなかなかなれないです。,0
商品の価格が書いていないのがあって、近くに誰もスタッフも居ないので値段が聞けなかったので、表示価格を分かりやすくして頂けるとありがたいです 。,1
今日の買い物でレジ打ちのミスがあり(クイン)電話での対応は普通だったが0570-059-601に電話して音声入力2を押しても上手く作動されず何度も無駄に電話させられストレスを感じた 忙しいのは分かるが初歩的な電話の繋げ方や単純なレジ打ちの間違えでも信用出来ず、その都度、買い上げた品をその場でレシート確認をするのはストレスがあり困る 。,0
あさひ　本生を、安くして欲しい。,1
今のまま品数豊富でお願いします。,1
いつもお世話になっております。,0
ありがとうございました。,0
会計の際、お釣りの五千円札を、千円札に両替してもらいました 。,0
会計までの道のりがたまに迷子になるので、会計までの順路というか欲しい。,1
いつもペットボトルのお茶をケース購入します １０月には値上げになるので駆け込み購入者が増えると思うので在庫の強化をお願いします。,1
レジの従業員さんが、親切でした。,0
やすい。,0
開いてるレジがわかりにくいのが残念 店内のWi-Fiにつながっても、弱い為、アプリが起動しない アプリを起動させる為、いちいちWi-Fiを切らなくてはならないのがとても面倒 更に、元に戻すのを忘れ、自宅のWi-Fiにつながっでいるものだと思いギガを使ってしまい失敗することも 繋がらないWi-Fiなら、やめてほしい 。,1
以前より高くなっている 。,0
アイスクリームをかったので、ドライアイスを、聞いて頂き、解けずに持ち帰ることが出来、助かりましたありがとございます 　ちんすこう見つけてラッキー。,0
いつもきれいに掃除されている。,0
みんなが驚くような商品価格でたまには、売ってください 。何が驚安商品なのか。,1
特にないです 。,0
冷凍マグロの88円均一を再開してほしい！。,1
びっくりする様な、安い物をもっとふやしてほしい！。,1
ペプシ・コーラ1本108円1ケース8本だと800円と店内ポップに書いてありました 1ケース買ったにもかかわらずレシートを見ると864円と打たれてました 64円は返してもらえますか？。,1
レジがいつも混んでいて萎える 。,0
最初に並んでたのに2番目の客の会計を先にされた。,0
弁当美味しい。,0
激辛カルパス売れ切れだった 。,0
品揃えが良い。,0
ソーセージやベーコンとかのクーポンを増やしてほしいです 。,1
アンケートが当たりません。,0
猫を3匹飼っているのでキャットフード、トイレ砂、おやつ、ちゅーるなど たくさん買うので安くしてほしいです 。,1
レジを担当してくださったHさん？は手際が良くマスクをしているにも関わらず声が聞き取りやすくて好感が持てましたが、髪の毛の色は銀髪でいいのでしょうか？。,1
マグロのたんざくが売り切れで悲しかった！。,0
マスク越しで聴こえづらいかもしれないけれど、「えっ？」の聞き返しは、販売員としてはどうかと思いました 9月15日15時頃で新人マークを着けていました 。,0
品出しが追いついていなかったです。,0
何回書いても治らないからいいです。,0
日替わりの商品が開店1時間しないのに売り切れは早すぎる 。,0
保湿剤とかが置いてある通路のド真ん中に店員さんが荷物を置いていて通れなかった(茶髪でウエーブのかかった髪の毛のおばさん、その人だけ毎回挨拶しない、一度商品を貰おうとして声をかけたら「今、むり！」と断られた)。,0
サイトウの名前の人のレジで会計をしたが、袋が必要ですか、会計６番です しか言われなかった 接客できる人のレジを通ってると、すごく目立つ。,0
初めて三方原店に行ってみました食品売り場の商品が少なかったので残念でした 。,0
レジ対応は丁寧です クーポンが終わっているものをまだプライス橫に付けていることが何度かあります 値段が違うこともあり、訂正の対応は丁寧なのですが時間はかかるのでプライスの確認をよろしくお願いいたします 。,1
ポイントが全然当たりません。,0
お昼に来店させてもらいました 品出しなど店員さん達も忙しく働いているのに、男性店員(眼鏡の人)ボォーっと突っ立ってボソボソ何か独り言?!言いながら手遊び 店長さんも注意して見た方がいいのでは?!他の真面目に働いてる人が可哀想です 。,0
このご時世値上がりは仕方ないけど値上げしておいて安値維持とか書かないでほしい。,1
店員の配置が悪く、見つからない商品を探せない。,0
クジしょっぱ過ぎない？１ポイントですら１年で５回も当たらんぞ？。,1
レジ担当の方は対応がとても良かったです その他の従業員の方は相変わらず、お客を見ず目の前の自分の仕事しか見ていない印象です ”本日の特売“が増えた様に見えたのは良かったです 。,0
近くにあるロジャースの方が安いものが割とあった。,0
モヤシとリプトンのミルクティーを安くして欲しいです。,1
対応は、人による 今日の対応は、もう少し丁寧にしても良かったと思う あまり気分は良くない 。,0
レジのいとうさんとても感じも対応も良かったです。,0
良いです。,0
レジに並んでいる際、店内チラシを見て、何処かを見ていたが、きちんと声を掛けてくれた。,0
レジの方も、品だしの方も皆さん感じが良くてほっとします あるスーパーのレジは、クーポンのやり取りで、まるで老害扱いのような対応をされることがあって、ドンキホーテは絶対そんな事がないので大好き❤️です 。,0
レジの改善。,1
欲しい食品の商品が店内すぐ入ってあって買い物しやすかった！。,0
詰替用の乾燥パセリが有機パセリの高いヤツしか無く、探しても見付かりませんでした。,0
言葉使いが良かった。,0
伊藤園のペットボトルで、からだいいこと黒豆茶500mlを安くいれてほしいですすごく香りが良くて美味しいです近郊で文具の事務キチで74円くらい？でありました。,1
近隣にドラッグストアがある 酒類のほとんどがドラッグストアのほうが安値で販売されており、弊社でもドラッグストアより安く販売してほしあ。,1
欲しい商品が売り切れていた、すぐ補充して欲しい。,1
何度もアンケートに書いてますが、トイレットペーパーのシングルを置いて欲しいです。,1
クーポンなどもたついていた。,0
可もなく不可もなく 。,0
従業員の女性(レジ)の対応が良かった。,0
新ゴボウを安くお願いします。,1
レジの店員さんがとっても優しかったので気持ちよく買い物が出来ました ありがとうございました 。,0
特に無し。,0
リニューアル前だから？欠品が多かっつです 。,0
インスタントラーメン、お水、ドリンクをもう少し安くして欲しい。,1
私はドンキで買い物をするのが好きです なぜなら、常にプロモーションがあるからです レジの女の子、特にブロンドの髪の女の子が大好きです とても親切。,0
レジの人はいつも親切です。,0
ネスカフェ　ゴールドブレンドの120gを売って欲しい 。,1
始まったばかりだったかもしれませんが、ビールの箱に貼るシールが無いとか、隣のレジに聞いてましたよ。,1
カートは、いつも整理されてます レジの方も、顔確認しています。,0
特にありません。,0
クラフトボスのまとめ売り6本の値段が表示されていない 。,0
このページで応募するを押したあとのホームに戻るなどのボタンがないから戻るボタンで、１つづつ戻るになっている。,1
特筆事項ありません 。,0
レジの方が早口で何度も聞き返してしまいましたすみませんでした。,0
訪問時の店員さんはいつもみんな親切な方ばかりです 。,0
お菓子のうまい棒のバラ売りがほしいです。,1
初めて行きましたがいい意味で倉庫みたいな雰囲気があり、安いんだろうなという空気が出ていてまたそれを裏切らない価格だったので良かったです 。,0
商品の場所がわからず店員さんに聞くといつも感じ良く教えて下さるので感謝しています 洗剤など掃除用品や台所用品などよく買いますがスーパーやドラッグストアより安いのでとても助かっています。,0
駐輪場と歩道にポン酢の割れた瓶が散乱してて危ない状態だった。,0
売り場が広いので、ゆっくり買い物できました 初めて行ったお店だったので、商品探すのちょっと大変でした 。,0
サンリオの商品を安くしてほしい。,1
このくじ、ほんとに当たらない。,0
いい商品がある。,0
レジの店員が丁寧に服を畳んでビニール袋に入れてくれた。,0
Wさんの対応は、挨拶・笑顔・案内・確認・振る舞いは申し分ありません 若いと思いますが、しっかりとされてます。,0
サービスカウンターの女性の方がよかった。,0
特に無い。,0
いつもありがとうございます これからもよろしくおねがいします 。,0
2.2ミリの太麺パスタを入れて下さい 。,1
前にレジが見習い店員みたいてクレカのmajica番号を読まずに会計されてポイントが付かなかった こちらも初めてクレカ使ったため決済すれば自動に付くと思っていた 今はスマホのmajica番号とクレカをそれぞれ読み込ましている 見習いのレジは指導者がいたほうがよい。,1
いつもレジの対応が早くて嬉しいです。,0
毛穴撫子の毛穴かくれんぼ下地JAN→4992440036199バズってるので置いてほしいです！ちなみに近隣の薬局とかには無かったです  。,1
前より　わずかに良くなって　きてますが、まだまだですね!!　今週は、対応の良くない　店員の名札確認します！　。,0
忙しそうでしたがテキパキしてました、。,0
店内にもカート置き場があった方が良い カゴだけで買い物済むと思ったら、重くなったのでカートを取りに入口外に取りに行くのが面倒 。,1
ちいかわの商品食品を販売して欲しいです。,1
オートチャージで丁寧に教えてくれた。感謝。,0
て早くていい。,0
レジにいると思った店員がいきなり別のレジに移動してしまい、とても待たされた。,0
安売りの品の所に違う商品が入っていて、間違えて購入しそうになった 気になる商品があったが値段表示がなく購入しなかった。,0
カゴやレジバッグにキレイに詰めて貰えました ありがとうございました。,0
ドン・キはあまりにも同じミスが頻繁に起きすぎる!売り場での価格がレジに反映されていない事が20回位もあった こんな頻度は他の店では考えられない！。,0
レジの方は素早い動きで気持ち良い。,0
いつも気持ちの良いレジ対応に感謝しています。,0
いい店。,0
愛想の良い店員さんが多いので気持ちよく買い物できてます 。,0
レジの方対応が良かった。,0
"ポット株ベストコいいと思って買ましたが、冷めやすく,もっと保温良いもの買いたかった 。",1
下着を買った時に、男性のレジの方しか、いなくて近くにレジを片付けている女性の方に、声かけて下着なので男性のレジでは、抵抗があると話たら、清算してくれましたとても感じが良かったです。,0
ナシ。,0
夕方の忙しい時間でしたが、皆さん、テキパキと仕事をしていました 頑張って下さい。,0
品だしの人、通路狭いので周りみながらやってほしいです ぶつかりました 。,0
今のところ，特段対応の悪い従業員に当たったことはない また、贅沢なお願いかもしれないが、もう少し笑顔を増やしてくれるとありがたい 。,1
これからもワクワクドキドキする商品や品揃え さらにそれを探す、まるで探検するかのような買い物ができる店舗づくりをお願いします！。,1
品数豊富で安い　ド商品楽しいです。,0
このくじ当選した事が無いのですが、当たる人いるんですか？とても素朴な疑問です 。,1
レジが混んでいる時間帯でも快く対応してくださる店員さん方にいつも感謝しております 。,0
チャージのやり方を聞いたら、機械でやってくださいと言われましたが、丁寧でなく戸惑いました 。,0
このままのサービスでお願いします 。,0
レジ待ち改善。,1
更新されたアプリが使いにくい 使いにく更新するってどういうこと？。,0
レジ担当者を増員願います 。,1
レジの方の対応がとても良かったです。,0
アシードブリュー(株)のバニラ&チェリーコーラを常に品揃えして欲しいです 1年に1回位しか見かけないので…見つけたら必ず購入するがいつでも帰るの安心がない。,1
特にありません。,0
済ません直ぐに思い浮かびませんでした 。,0
丸美屋の三食ふりかけを置いて欲しいです 。,1
キレットレモンの6本セットが、いつも売り切れていて困る 。,0
レノアハピネスを安くして欲しい 。,1
パルムのアイスを買って、すぐに車に戻って食べようとしたら棒が抜けてドロドロだった せっかく楽しみにしていたのに残念 温度管理はどうなっているのか 。,0
値段も安く、ドンキブランドの商品も大好きです！。,0
時々果物の値段が付いて無い時が有りました。,0
・豆腐干を仕入れて欲しい ・ドンキのカナダ産の豚肉の脂の甘味が大好きです  私は同じカナダ産でも、深江橋のドンキのカナダ産の豚肉が好きです 産地を変えないで欲しい。,1
カゴにセットするタイプの買い物バックにレジの際商品を入れて欲しい他のスーパーやドラッグストアではしてくれるお店があってレジが終わってそのまま帰れるからとても助かります。,1
安かった。,0
肉や魚を買ったとき、レジを通したあとビニールに入れてくれる店員さんはいなかった 最近は入れてくれる店員さんがいるので、私的には助かります 。,0
店舗によってはお米が安い 地域にもよるかもしれないですが、なかなかこの世の中お米の時代では無くなってきてますが、とっても安いイメージだったので、今回は見に行来ましたが買いませんでした でも、買い予定のないものばかりつい買ってしまうので、行ったら何か必ず買います！また行きます！。,0
特にない。,0
いつも通りの対応でした 。,0
マシュマロがありませんでした。,0
いつも有難う御座います 。,0
消費期限が近いものが特に安くなっていて それに出会えたらラッキー とってもお得 。,0
ベビー用品をもう少し安くしてほしい。,1
レジ袋が、やぶれやすいです。,0
特にスムーズでした 。,0
ゴートミルクボディシャンプー2リットルがお得で気に入った ラストワンだったので、入荷していたらリピしたい 。,1
レジを打ちながら、他の従業員さんと電話で話してみえたので、電話を後にできない程、急用だったのかなぁと思いました 。,0
洗剤類をもう少し安くしてほしい。,1
レジの担当者が親切、丁寧な対応で良かった‼️。,0
レジの対応が親切で良かったです お刺身の切り身の品数増えたら嬉しいです 。,1
メキシコ産の緩衝材でくるんだアボカドが美味しかったです 国産豚の切り落としを安く売ってほしいです 。,1
特になし 。,0
2リットルのペットボトル入りの水や緑茶で1本の値段がかなり安い商品が業務スーパーさんやサンデイさんにはあるので、ドン・キホーテさんにもあるといいなと思います 。,1
携帯の電波が悪いので改善して欲しい。,1
クーポンはあるが、商品がないのがここ何回かある。仕方ないが残念。,0
清潔さ。,0
こたにやって人、サービス業に向いてない 普通なら言わなくてもいい事が出来ないのでムカつく 。,0
いつも安くてスーパー変わりに楽しみに来ています。,0
奥のレジベテランスタッフさんの誘導の声掛けが、レジ前の棚で死角で見えないから凄く助かります majicaクーポン使えて便利だけど会計レジのチャージに時間かかり過ぎて前後の方が待ってパターン 事前にチャージできる機械を設置して欲しいです。,1
クーポン発券機を直してほしいです 。,1
またボディメンテを入荷してほしい！箱買いします！。,1
声が聞き取りづらい。,0
飲み物売り場で買いたかったUccのブラックコーヒー無糖がまた売り切れてました たびたびあるんですがどうにかしてください 。,1
レジが2人体制だったので、とてもスムーズに終わりました 。,0
ないです。,0
買い物しやすかった。,0
レジは人によって対応がかなり違いますね 年齢が上の方の方が丁寧な対応ができてると思います ー。,0
特に無いなっしー。,0
いいねっ！。,0
よかった。,0
目玉商品期待してます 。,0
安くて嬉しいです 行くのが楽しみです 。,0
レジで対応して頂いた時、精算をしていた方とは別の店員さんが精算していた方に話しかけ、無言でレシートを渡されました レジも混雑しており、確認しなきゃならないことがあったのかもしれませんが、何も言わずにレシートを渡されそのまま対応を終えられたのは不快に感じました 。,0
小岩井の生乳100％ヨーグルトを安くしてくださって嬉しいです これからも買い続けるのでお値段据え置きでお願いします！！！。,1
対応良かった。,0
Eさん、何時もありがとう 。,0
品出しの人がじゃま。,0
値札が見えない商品や付いていない商品が多数あるのが不便です。,0
レジを多く開けてほしい。,1
ビジネスシューズが増えました 。,0
最近、大塚製薬のイオンウォーター900ml、都内どの店舗行っても見ない ここもない 被災地とかにいっちゃってるのかな？。,1
Tさん今日も気持ちの良い挨拶ありがとうございました。,0
メガネ、ふっくらされている男性ですが、何時も心地良い対応をされます。,0
駐輪場が狭いです。,0
江坂店、無料レジ袋をすすめてくれた 助かりました 。,0
マヨネーズを安くしてほしい 。,1
店員さんとすれ違っても、誰からもいらっしゃいませのあいさつがなかった 。,0
安さを感じなくなりました 。,0
前は店員さんがつかまらなかったけど、今日は平日の昼ということもあってか、店員さんが沢山いて、食品の場所が分からなかったけど、丁寧な対応をしてもらった 。,0
品揃えが良かった。,0
通路に品物がいっぱい通れない。,1
凄く良いお店でした また行きたいです 。,0
売れ筋の商品打ち出しして欲しい。,1
クーポン商品の配送が遅れており、また足を運ばなくてはならないのが近いところではない為に、手間でした 。,0
majica払いを丁寧に教えてくれスムーズに会計ができました 期日が迫っているポイントもありそれから利用してと教えていただきポイントも捨てずに済みました ちなみにキャンペーンの300ポイントでした 。,0
【国産　おろし大根　４袋入  ¥100】【菅原冷蔵　広野工場　9:00~17:00土日祝日は除く　0234-92-3131】←販売を検討して下さい…。,0
シャンプーのジュレームを安くしてほしい,1
いつも楽しく買い物してます。,0
ビールにオマケがついていると買ってしまいます。,0
よかった。,0
丁寧に接客していただいたので何も言うことはありません 。,0
レジの方、丁寧な対応で、買い物に来てよかったと思いました。,0
自転車が停められなくて困りました。,0
Fさんの対応が良かった。,0
フンドーキン無添加合わせ味噌ビッグサイズを置いていただきたいです。,1
カートに会計済のかごをのせてくださいました 重いかごだったのでたすかりました 。,0
レジはいつも対応が良い。,0
ポップの値段と　レシートの値段が違っているのは　どうしてですか?昨日より安いと　思ったから買ったのに　値段の見間違いかと思い翌日確認したけと　見間違いではなかった ものすごく損した気分　数年前にも　同じ事が　ありました。,0
このアプリでもHP上でもいいので各店舗のフロアマップがあると助かります 。,1
レジ係はぶすっとしていてヤダなぁと思ったが、キャベツをビニール袋に入れてくれたり、仕事は丁寧だった 。,0
商品の場所を聞いても言葉が分からない外国人が多い 。,0
買いたい商品の前で！お話しむかついた！邪魔で買わなかった。,0
那珂川店とは違った感じでよかった。,0
レジでの対応が悪い事がある 袋をお願いしますって伝えても返事をしてもらえない！外国の方の方が優しくて丁寧です 。,1
お刺身を取り扱ってほしい。,1
視力増加の眼鏡、1400円位の、計5本買ったが、質が悪くて、フレームの下が、亀裂が入って同じ場所が、壊れた 値段相応だが、もう少し値段が高くても、レンズのズレも無く、耐久性がある同じ見た目のものがあると、助かります ^_^。,0
従業員のNさんは買った商品を雑に扱ったり対応がすごく悪かった昨日買った化粧品を使おうと開けたら不良品だったから電話したら誤りもしない最低だと思う。,0
核家族のため、豚肉や鶏肉など少量パック(50〜100ｇ位の使い切りサイズ位の量)の商品を、毎回店員さんにお願いしなくても良いように店側で店頭に置いて欲しい。,1
他の店と比較しても商品の値段がたいして変わらないので日用品とか食品やら買うなら他で買ったほうがいいかなと思う値段設定かなと思う。,0
今日は　昼時に行ったからかな　レジが少し混んでいた　もう１列位開いてると良かったなと思った　でも余り時間は掛からなかった。,1
先日ピオーネを買いました 美味しかったです。,0
キャリーケースをもう少し安くしてほしいです 。,1
従業員の方どなたも感じがよく対応してくださったので買い物が楽しかったです 。,0
接客があまり良くない みんなちょっと派手すぎる。,0
クーポンサービスわかりにくい,0
Bさんgood。,0
たいへん良好。,0
対応よかったです 。,0
品切れが多すぎ もう少し品揃えをしっかりして欲しい 。,1
平日昼間に初めていきました いつも混んでるのでマジカ払いは助かります。,0
特にありません 。,0
リステリン安く提供して欲しいです。,1
レジの店員さんが、ニコニコしてます！。,0
クジが当たらない ポイント還元が少なすぎる 頻繁に値上げしている 。,0
本日の朝の職員さんは、陳列しながらでも皆さん挨拶して下さって気持ち良かったです 。,0
カロリーメイトのブロックタイプはドラックストアより値段が高いです。,0
レジのHさん丁寧な接客でした。,0
オートミールの種類を増やして欲しい。,1
皆んな優しい 。,0
特になし。,0
ロイズ売って欲しい！！。,1
野菜の種類を増やして欲しいです！。,1
ラーメンの麺を買いに行ったらなかったです。,0
場所がわからないので店員に聞きたいのに、店員がいない そのくせ、3人くらいでいつもおしゃべりしてる。,0
バイトがやる気ないな 。,0
対応したレジの方がいい人でした。,0
会計中のチャージ？が面倒で1度お断りしましたが、簡潔･丁寧に説明して操作してくれた若い女性レジの方、ホント印象良かったです ありがとうございました 。,0
面白五本指ソックスを仕入れてください 沢山買いますから秋冬アイテムをしいれてください フジパンのちくわパンがないので仕入れてください 。,1
いつも買いやすい。,0
忙しいか、コロナウイルスか余り、声かけは有りません お客さまの籠から袋が落ちて、レジの補佐の人がその袋を誤って踏みそのままお客さまの籠に返してました 商品を取り変えた方が良かったのではないかな。,0
焼肉のタレが美味しかったです 。,0
他店より安いので良く利用させて頂いております。,0
Tがとにかく溜口でなれなれしい,0
結構並んでいたのにレジが2台しかあいてなく、お会計までに時間がかなりかかった 。,0
サービスカウンターのスタッフさんの対応が素晴らしい。,0
アプリのクーポンについても、丁寧に教えてくださいました 。,0
パスコのチョコパイという菓子パンを入荷して欲しいです 。,1
ドリンクの種類を増やしてくださいね。,1
酒類の台車ので位置が気になる。,0
検査キットが欲しくてmajicaに強制的に登録させられ、折角だから、５%offのクーポン使いたくて初めてクーポン使うし定員に声かけてって書いてあったから聞いたらバーコードの画面で良いですって言われ、レシート見たら５%offはされてなくて他のクーポンは何個か使えてた クーポンの機能事態も使いにくいけど、定員の対応もめんどくさそうだし、スキャンした後のカゴに物を入れるのも雑でバッテリーに関しては、投げた？って思う入れ方で凄く不愉快でした クーポンの使用方法の改善も検討お願いします 。,1
Tさんのレジがスムーズで早かった,0
プレチケの使い方を教えてくれた 。,0
品だしの従業員さんまで、あいさつ徹底されていました 。,0
リニューアルして店の中が明るくなって、商品がゴチャゴチャしてなくて通路も広く買い物しやすくなったと感じました 。,0
ＱＵＩＣpayで支払いで10%OＦＦにするならば、majicaにチャージして支払いをした場合でも、5パーセント〜10%程度OＦＦにしていただけるとありがたいです どんなものでしょうか？。,1
ルートビアがあれば毎日買います。,1
カードを出すのを忘れてしまったのですが、感じ良くすぐに対応してくださり、ありがとうございました。,0
特になし。,0
レジもスムーズでした。,0
特になし。,0
通路を広く。,1
いつもレジがいっぱいなので、もっとレジを開けてもらうかセルフレジがあるといい。,1
狭くて歩きにくい。,0
会計時にSSさんがLINEのお友達登録を勧めて下さりスマホの登録の方法も丁寧に教えてくれました ありがとうございました 。,0
べつに無し。,0
食品レジにいたSさんの対応がとっても良かったです きちんと目を見て、丁寧に対応してもらえたのが、気持ち良かったです 。,0
よかったです 。,0
レジが遅いうえに態度がわるい。,0
夕方６時、でもレジ3ヵ所 長蛇の列でもレジ増えない！アイスなんてとても買えない‼️。,1
品揃えがよく買い物に行くのが楽しみです 。,0
みなさんいい人たちばかりです。,0
花王のキッチンハイターを購入したかったのだが、ドンキホーテオリジナル商品の情熱価格のキッチンブリーチしか置かれていなかった また花王のキッチンハイターも置いて欲しい 。,1
昼間のカラコン売り場の女性陣は本当に態度が悪過ぎます 私が会計している間も従業員の方を向いて話し続け、ありがとうございました、もなし ものを渡す時も片手 タメ口 毎回驚きます 通販だと遅かったり支払いが面倒なので仕方なく言ってますが-しかし、先日夜カラコンを買いに行ったら男性が会計をしてくれたのですが、とても丁寧でした ありがとうございました 。,0
レジのTTさんは丁寧で、空いてたらラッキー！と思って並びます 。,0
レジの対応はいつも丁寧です 。,0
トイレが汚い店は全体が汚い トイレの換気扇見てみろ。,0
いつもありがとうございます。,0
PayPayが使えないなら使えないってレジとかに表示しておいて欲しいです。,1
レジのAさんの対応はとても良かった 。,0
表示価格が違うことがあるのが困ります 安い時もあるし高い事もあるし高い時は表示価格に下げてくれることがあります なんだか申し訳ないです 。,0
レジの接客は大変しっかりされてまして、気持ちよかったですよ 。,0
全体的に価格を値下げしてください 。,1
9月15日午後3時頃、東海通店とにかくひどかった 。,0
もっとクーポン充実してほしい。,1
最近レジの店員さんは皆さん言葉もハキハキしているしお客様対応が良くなったと思います、接客面では無いんですが！いつもワンちゃんの餌にササミのメガ盛りを買うんですが最近価格が高くなった上にササミの処理が雑になったような気がします薄皮がくっついていて食べるのは食べるんですが湯がいた後はがして与えてます 。,0
陳列しているおじいさんの店員が一生懸命頑張っていて、愛想もよくて優しかった！若い人の方が愛想も悪くて見習って欲しいと思った。,0
特になし。,0
身体障害者駐車スペースに一般車が駐車私は障害者　非常に迷惑店側として何か一般車駐車させない努力をして欲しい。,1
ジャーに入った、皮つきカシューナッツを以前に安く買えて、とても美味しかったので、またぜひお取り扱いお願いいたします！。,1
paypay決済が出来るようにして欲しい 。,1
レジが早くて嬉しいです 人の列ができるとすぐに応援の人が来てくれます！。,0
レジの方はとても親切でした？。,0
前回もだけどレジが2人 待ち3人！レジの人増やして欲しい。,1
レジが混んでてビックリ!毎日こうなのかな？お客さんに感謝ですね 。,0
店内にカートを置いてほしい。,1
メガネ類（サングラス等）は、多く出品していますが、一方、メガネケースは、1種類かつ色も1色しかありませんでした もう少し、種類を多く（最低、色だけでも）取り扱ってほしいと思います 。,1
特にありません 。,0
アルコールが他店と比べていつもリーズナブルで有り難いです。,0
ポテチを安くして欲しい 。,1
優しい定員さんばかりで買い物してて楽しい買い物になります。,0
レジの店員さんの声が全然聞こえなかったのでもう少し大きい声を出してくれるとありがたいです 。,1
とっても良い対応ありがとうございます。,0
2.2ミリの太麺パスタを入れて下さい。,1
空いて良かった。,0
洗顔フォームを探したが見つかるまで時間がかかった、しかも種類が少ないドンキホーテの方が種類が多く珍しいタイプがあるメガドンキの方が売り場広いのに、種類が少なく残念。,0
ガリガリ君を複数購入したときレジを通したら袋の中で商品が割れているのに気がついたスタッフの方が新しい商品とその場ですぐ交換してくれたおかげで助かりました。,0
電化製品あたりにいた年配の女性店員さんが店内の案内についてとても親切にしてくださいました 。,0
過剰接客、自分でやる 支払方法出来ると、言ってるのにやらしてくれ！やらしてくれ！。,1
アプリを開いたら登録みたいなのが必要になった レジに並んでたのに、そのせいで後にならび直し！レジの店員さんも変わることを知らなくて、戸惑ってました レジの店員さんが可愛そうです 。,0
商品について質問したら、一緒に説明書を見て調べてくれてよかった 結果購入しました 。,0
欲しいと思っていた車のワックスがクーポン対象になっていて嬉しかったです商品の前で悩んでいたら店員さんが声をかけてくださって、クーポンを使うことができました親切な対応に感謝です。,0
麦茶が安くて良かった。,0
毎回マジカアプリで購入 合計金額をギリギリの金額でチャージして購入している いつもはチャージ後に精算バーコードをピッとしてもらうが、今回は先にピッとされた （レジの人が先にと、、）後で、購入金額をチャージして、決済しようとしたら残高が足りませんとはじかれた 困ってもレジが並んでるからか店員は見てみぬふり しばらく待っても反映しなかったから、やっぱりチャージを先にしないと、ピッとしてはいけないのだと思う 困ったが、とりあえずポイントがかなりたまってたので、ポイント払いをしたので事なきを得たが、なんか損した気分 チャージのタイミングがうまく機械上できないのであれば、ピッとするタイミングを考えて欲しい 店員さん、淡々とレジをしている様子 お金がそんなにあるわけじゃないので、先に大きい金額をチャージ出来ない 店員名、レジのレシートは草田さんとなっています 。,1
ドンペイシールが欲しくて入店したんですが貰い方を知らず教えていただきゲットできました 人気商品のクーポンも定期的に出してほしいです 。,1
従業員の方、親切にして頂いてますよ！案内もして頂いてます 。,0
やしたてビザが食べたいです 。,1
ポリ袋のところに　スポンジがなく食品を買うことが多いので　困ります 。,1
レジからの動線が良くなり、買い物がしやすくなった。,0
特価商品を陳列する時間帯の工夫。,0
すれ違う店員さんが無愛想でした 深夜で疲れが溜まっていたのでしょう、いつもお店を利用させて頂いているため、忙しくて疲れが抜けていないのだろうなと思い、大変申し訳ない気持ちになりました また利用させて頂きます 。,0
何時もＬＧ購入するのですが、賞味期限が短いので、もう少し長めが入荷してると、一度に2箱買えるので有難いです 。,1
アイスを持ってるのにレジに長く並ぶから溶けてしまうすごくそれが嫌。セルフレジはないのでしょうか,1
買い物後にカゴの返却するのに一度店内に戻る形になるのですが荷物入れてるお客さんが居ると狭くて返却がしずらいかと言って他に返却に使えそうなスペースも無さそうだから仕方ない気もする。,0
お名前は確認していませんが、毎回あまりレジ対応の良くない方がいます 凄いレベルの対応を望んでる訳ではありませんが、気持ち良く買い物して帰りたいかと！。,0
よかった。,0
今回のレジをしてくださった方は、以前商品のことを聞いた時も丁寧に対応してくださったので、嬉しく思いました。,0
季節外れでもいちご置いて欲しいです 子供への手作り誕生日ケーキにいちごがあると嬉しいです 。,1
みなさん対応は良い。,0
名前は分かりませんが早い対応をしてくれました。,0
伊勢市のごみ袋、少し高いかなと思います 。,0
1個しか買っていない商品を2個買った事になっていて、返金処理して貰いましたが、今後気を付けてください 。,1
現金払いが当たり前だったので、電子マネーとかpay払いはまだなれてないのでいろんなことがわからないことばかりです わからないとレジで戸惑って時間がかかり周りに迷惑をかけてしまいます 。,0
昨今、値上げ、値上げで、大変、これはドンキホーテが絶対、徳と云う物をピーアールして欲しい、勝手乍。,1
クーポンの商品が何処にあるか分からず店員さんに尋ねると探しに行ってなかなか戻って来ず他の店員さんを連れて来て探し回りやっと見つかると、店員さん同士が、「何処にあるか分かりにくいわ」と話していました 店員さん達がそんな事を言うのだから私達が分からないのは頷ける 店員さんに何処に何があるか分かっていて欲しい。,1
最初に並んでたレジで前のお客さんがちょっと時間かかりそうでした すぐに従業員の加藤さんが笑顔でこちらにどうぞとレジを開けてくれました ずっと笑顔で対応も良かったです 。,0
浜の町店はクーポンの種類が少ないように思います。,1
h&sのシャンプーとコンディショナーを安くして欲しいです。,1
レジが混んでる 。,0
ネットで貴社の商品は買えますでしょうか？。,1
食料品売り場のレジの従業員さんは手際の良い方が多くて助かります。,0
特にない。,0
マイナーでもお米で単一米が安いと嬉しい。,1
クーポンの種類を増やしてほしい。,1
ドンキホーテの食品は大きい物が多い 。,0
食料品を安くして欲しい。,1
メールの既読、未読の色分けが薄すぎてはっきりしない 改悪アプリですか？。,0
商品の陳列が綺麗で見やすかった 。,0
書いすぎて台車で運ぶとれじーの女性が出てきて荷物を精算機の横に乗せてくれてうれしです 。,0
レジの人がスムーズで良かった！シャンプーが少し高い気がしますもう少し安くしたらお客さんも買うかも。,1
男性従業員さんが研修中だったので、仕方ないのですが、分からない事だらけで、ベテランに聞きながらだったので、レジがかなり混雑していました。,0
冷えている飲み物の種類を増やして欲しい。,1
飲み物売り場が狭い 。,0
メガネをかけたレジの男性（若め）が親切でした。,0
クーポン発券機の所在がわかりにくかった。,0
加藤くんもっと頑張りましょうマジカカード会員でバーコード提示してるんだから千種香流店のステッカー引換券持ってるの知ってるよね❗こっちもいい忘れたからステッカーもらい損ないましたよ。,0
忙しい時間帯や、レジに多くのお客様がいる際空いてるレジがあるなら、全部使ってお客様の流れを早くして欲しい。,1
対応が良かった。,0
ビッグピート、バスカーなどウイスキーの種類が増え、ドンキでウイスキーを買うという選択がひろがりました,0
サービスカウンターの方の対応が親切丁寧で良かった。,0
特になし。,0
着圧の安いストッキングがあると嬉しいです 。,1
レジのSさんめっちゃ対応ええ。,0
アイスクリームをもっと安くして欲しい 。,1
これからも利用させていただきます 。,0
今日は3箇所のレジ　すべて3～4人並んでいて結構時間がかかりました 。,0
クーポン商品が見つからず、店員さんに訊ねたら快く案内してくれた いつも有り難うございます 。,0
猫のエサでカツオ節の2本入りをまた置いて欲しい 。,1
お名前は覚えておりませんが、新人さんマークが付いた方でしたが、対応が良くスムーズでした 。,0
惣菜コーナーのメニューをもっと増やして欲しい チキンや揚げ物系が多くて色が茶色系がほとんどでもっとヘルシーな商品もあったら良いと思う サンドイッチやスィーツ等もあると嬉しいです 。,1
ライスペーパーを置いて欲しいです。,1
従業員のYさんの応対等が良かった、気配りもできていました 。,0
豊見城店、いつも利用させていただいてます 訪れるたびに店員さんの対応が悪く良いイメージはありません ですが本日レジ対応いただいた若い男性店員さん、とっても良かったです レシートに記載あるので名前はAMさん？かな？ 手際もよく声も聞こえやすく元気で好印象でした AMさんのようなスタッフがもっと増えると良いなと思います 。,1
特に不満やトラブルはありません。,0
みなさん丁寧に対応してくれました 。,0
探している商品が見つけにくかった。,0
野菜と牛肉と豚肉の販売もしてほしいです 。,1
ドンペンお誕生日おめでとうございます！ふなっしー ソニック 丸山桂里奈さん 等からのおめでとうコメント動画を店頭で見れたので、うれしかったです 。,0
普通でした。,0
レジスタッフさんは、どの方も、笑顔で、嫌な気分になったことがないです 。,0
どこに何があるかもう少しわかりやすくしてほしい。,1
チラシ以外の特売品は、お得感が増すし、何があるかの楽しみも増すので、これからもどんどんお願いします 。,1
野菜も置いて頂けると助かります 。,1
いつも丁寧な対応ありがとうございます。,0
Sさん？の対応がとても良かったです。,0
店内で品出し中、従業員同士の長いお喋りが目立ちます。,0
紙パックの飲み物が安かったので良かったです。,0
良く服を見るのが楽しくて見ますが･･･可愛い服とか大人っぽい服とか、サイズが無くて諦めたりします 女性用でXLとかあってくれると娘と双子コーデが楽しめたりするのに･･･って思います！夢が叶う日が来て欲しいです 。,1
もっと沢山の商品を置いて欲しいです 。,1
気持ちよく買い物させていただいておりますが、買い物の導線、特に平和島はとても悪くなりました 迷います ドンキファンでいろんな全国各地の中でも平和島は最悪です 改善お願いします。,1
郵便局クーポンこれからも続けて下さい 。,1
満足です 品揃えが豊富で不満はありません 。,0
商品を探すのが楽しい。,0
お米の価額をもっと下げってもらえないでしょうか？市場より1円や2円安いというのは1番安いとは言えません 。,1
混んでいても、皆さんニコニコとしていますね 頑張って下さい。,0
対応良きでした！。,0
こたにやって人、シュークリームなどバーコードを通したあと、逆さに置くし、雑に重ねるし、潰れる いちいち言わなくてもサービス業でしたら配慮できる事ではないでしょうか？。,1
缶ビールを安くしてほしい。,1
今回、売場価格表示とレジ精算価格が違ってた 。,0
冷凍食品用のドライアイスが欲しい ドンペンのUFOキャッチャーがぜんぜん取れない 。,1
日本酒の種類を増やしてほしい 高知のお酒で船中八策を置いてほしいです！。,1
サラダの種類が減った 困る 店員さんはみんな親切です 。,0
缶チューハイ缶ビールを安くしてほしい 。,1
レジの待ち時間がいつも長い!是非改善願います。,1
特に有りません。,0
アサヒビール、スーパードライをもっと安くしてほしい。,1
開店直後か、21:00過ぎでもないとレジで相当並ぶ レジ自体は10台以上あるよう 開放してるのは半分強 安いがゆえにみんな大量買い 近くのスーパー、セルフレジ6台、有人レジ2台 客数、購入量からしたらもっとレジ開放したほうがいいと思う 。,1
別にないです。,0
たまごのクーポンが月の後半でなくなるので補充して欲しい。,1
レジの方の印象がとても良かったです 明るい方で少し待ちましたが、気持ちよくお会計も出来て満足です また来ます！。,0
優しく対応して頂きました！子供がいたので。,0
レジの手際が良くスムーズに会計処理が終わった。,0
ビールをケース買いしたが、ケース置き場前に運搬台車が有り、台車をどけないと購入する物が取れなかった。,0
下着を購入した時、黒の袋に入れてくれました、ありがとうございました 。,0
キャットフードをもう少しお安くしてもらいたいです 。,1
家電 もーひと頑張り下げてほしい。,1
品数が少なくクーポンの商品がないことがある？。,1
携帯アプリをすぐ反応できない新人レジも居る 画面が暗いと、文句を言われた 。,0
従業員さんのちょっとした心遣いが嬉しかったです 。,0
レジの方が親切でした。,0
自転車なので空気入れを用意してほしい 。,1
デニッシュ食パンが好きなので、置いてもらえると嬉しいです 。,1
広告商品が前面になく奥にあり見つけられず、2回も店員に聞きました 指示により別の店員の方がその場所まで案内してくれましたが、棚を指差しただけで顔も見ずに立ち去りました その上、値段も通常価格であり訂正してもらいました 売場名だけ聞いても辿り着かない事もあるし初めから案内するべきではないでしょうか 10分以上散々探した後で大変疲れました 。,0
言葉つうじない。,0
相変わらず、通路に商品のコンテナがあって邪魔なんですよね 。,0
大きい子供用のオモチャを持てる限り持って並んでいました 順番がきたのでマジカカード提出後、買い物袋を下さいと言うと、カートを使ってないのでと断られました 目の前にあるカートに入れて並び直して下さいと わざわざ持てる限り持って並んでるのに嫌がらせとしか思えませんね 他のお客の前で晒された気分でした あの店員さんには不満しかないです その後、一階で食品を買ってレジに並ぶとまたその店員さんがいました カード支払いが終わると一品だけレジを打ち忘れたと言われ結局一品だけ現金で購入しました 不愉快極まりない。,0
レジ解放、もう少し、多めに、してください。,1
通販での商品など安く買えたら嬉しい。,1
豆腐、納豆安くしてほしいです。,1
特になし。,0
お肉が好きで良く購入しています 量も多いし、お値段もお得ですしとても助かりますたまに、お肉が臭い時があるので、バラツキを無くして欲しいです 。,1
アスパラガスの商品を買いに行ったが見当たらなかったです 。,0
店員の愛想を良くしてほしいです 。,1
各レジ並びだと、前の人にアクシデントがあると並び続けなければならなくて、どんよりする事がたまにある 。,0
天然水のお水が地下なので、1階にも置いてほしいですね お水が1階にないのは不思議です 。,1
店員さんはとても親切に対応して下さいました 。,0
夜きても食品があるのが嬉しい。,0
今日もレジ2箇所しか空いてなくて、早く帰宅したいので焦って買い物したに意味なく時間が経つ、なので会社帰りはなるべくドンキーさんは寄らないようにしてます 土日は最悪だと思います 。,0
探さなかったクーポン利用予定だった商品をレジで声掛けしていただき、持ってきていただきました ありがとうございました 。,0
次回から従業員さんのお名前見るようにして、感じの良い方発表します 今日の方は、少々ぶっきらぼうでした 。,0
レジが一台しか稼働していなかった 。,0
牛脂の場所がよくわからなかった ステーキ肉の近くにあると嬉しいです 。,1
任天堂Switchのソフトを購入した 後で確認したら同じビル内のゲーム機販売店の方が千円安かったのでガッカリした 。,0
店内がスッキリして見やすくなりました 衣替えの時期なので、防虫剤と衣類ケース、３段、５段のをお願いだから安くしてほしいなあ。,1
レジリーダー感じが良い。,0
レシートに、買ってない商品が載っています 同じ商品を5個買いましたが3個はその商品の名前で、1つは餃子の皮で、もう1つは別の物と一緒に合わせて2個となっていました 個数と値段は、変わらないので、そのままでかまいませんが、どう考えても変でしょう?値下げ商品でシールを貼る時の操作がどうなのか、わかりませんが、ラーメン買ったのに、餃子の皮って、おかしいでしょ なんて、適当なのか?。,1
買い物をしてドンペンシールを他のクーポンと同じく押してレジに行って精算したのに渡してくれなかったので言ったら、シールは、レジで言ってから押さないとダメだと言われ気が悪い それなら、クーポンと同じ所に入れないで欲しい 話し方が偉そうだったので嫌な気分 普通に言えば良いのに、、、残念。,0
アイスクリームを安くして欲しい❗️。,1
ペット用品増やして欲しい。,1
なんでちいかわ系の商品がないねん,1
フルタのカカオ71%ビターショコラを取り扱いしてほしい 。,1
特になし。,0
れじの人の対応よかったです 品出ししている人は、少し通りづらく、仕事に夢中なのか、こっちがよけてる感じで、気付いてほしかったです 。,0
レジ混みすぎ。,0
お名前はわかりませんが、レジの方の対応が感じ良かったです！。,0
クーポンの、醤油ラーメン、とんこつラーメン朝10時迄に来店するのですが、毎回欠品ばかり5回以上続いてるので、無いので有ればクーポンに掲載しないで 他の品物でかまんから、在庫確実に有る品物に転換して下さい 至急宜しくです。,1
クーポンについて、詳しく教えてくれました 。,0
レジ対応良 今朝TVでドンキさんの特集を拝見しました さまざまな商品開発、興味深かったです フリーズドライ製法のものが多いようなので、こだわりお茶漬けを作ってみたらいかがでしょうか 。,1
即席麺、カップ麺を安くして欲しい‼︎。,1
欲しかった物が在庫が無かった 棚に物が少なくて、高い所の物が奥まで手を伸ばすのが大変で取りにくい 。,0
プラネット組をありがとう。,0
クーポンあるのに商品がない。,1
きのう、アップデートしてQRコードからバーコードになったようだが、従業員を呼んでも解決しなかった また左の端末の紙切れで使用不可だったが、上記対応で従業員の人を呼んで見てもらった際に端末を絶対見てるのにすぐに対応せず使用不可のままだった ・9：10ごろに行ってすでに平日のAM限定の安価の卵が買えなかった スマホで予約をできるのは分かるが、足を運んでいる客も大事にした方がよいのでは？・品出しの嵐でけっこうじゃま 従業員がたくさんいるのにすいませんの一言もない 。,1
レジ待ち改善。,1
また値札とレジの金額が違いました 。,0
なんでも安くてよく利用するが、夜遅く買い物に行った際、従業員数が少ないのかもしれないが通路に空き段ボールが放置していて整理されていない感じがした そこで作業中なら仕方ないが従業員はそばにいなかったのが残念であった！。,0
セルフレジがほしい。,1
商品がたくさんあって、探すのが大変‼️ただ、野菜の新鮮さがあまり無いのか、レタスは溶けかけてあったり、トマトを買いましたが、シワシワになっていたり、全部でないにしても、鮮度のよくない物は、安くして、回転を良くしないと、新しい物が陳列出来ずに、繰り返しになるのでは⁉️ドンキさんで、野菜の割引を見かけた事が無いので、悪くなったら、組替えて出してるの⁉️と、思ってしまいます。,1
いつも楽しくて安くていくのがたのしみです！。,0
ベテランらしき人はいつも対応がよい。,0
頻繁に売り場が、急に変わるのが困ります。,0
レジがすいていた為、袋に入れて下さって助かりました 袋が無料も有難い 。,0
冷凍食品の惣菜を増やして欲しい。,1
クーポン対象の商品を購入しようと思い探したがなかなか見つからなくて困った 手が届かないような高い場所にあったので購入するのを辞めた クーポン対象の商品は見つかりやすい場所に移動したり、各コーナーでクーポン対象の商品をまとめて置いたりしてみては見つけにくい。,1
特に無い。,0
間違えの多い人でした レジを打っている時に間違えを１つ見つけましたが、帰ってきてから家で見直したら、もう一つ、2個しか買ってないものが3個に打たれてました 忙しかったので、そのままにしてしまいましたが、せっかく安いものを買ったのに残念です 。,0
朝早く利用してます 他のお店は開店してないので助かってます 開店間際は他のお客様も少なく、ゆっくり買い物か出来て、駐車場も近くに止められるので重い買い物も出来ます これからも利用したいと思います。,0
マスクの種類はもうちょい増やしてくれへんかな？,1
フィラのTシャツをそろそろ安くして欲しい 。,1
レジの人が親切で良かったです 。,0
いつも利用させていただいてます 品揃えが豊富で安くとても助かっております ありがとうございます 一つだけお願いするとしたら、韓国系のカップラーメンが食べたくて、高田馬場周辺で売っているところで思い浮かぶのはドンキだけだったので買いにいきましたが、韓国系の商品があまり陳列されたなくて少し残念でした 東府中のドンキに行った時、韓国系のコーナーがあったりしてました 今、YouTubeなどでモッパン動画が流行っているので、ぜひ高田馬場のドンキ様にも韓国系の商品を取り扱っていただきたいと願ってます 。,1
今日はレジがとても混んでいました 。,0
レジが、よく混んでる。,0
スタッフ皆さまに親切に対応して頂いております 。,0
特に必要です 。,0
本を置いて下さい。,1
レジの担当の方が大変丁寧で嬉しかったです あとトイレが大変綺麗でした 。,0
レジスタッフさん、以前よりとてもいいです。,0
商品を尋ねたら、親切に教えてくれた名前を見れば良かったですね。,0
レジ担当の方の対応が良かったです カートを使っていると狭くて通れない場所があるので、もう少し改善して頂けると助かります 。,1
クーポンの検索をしやすくして欲しいm(_ _)m。,1
今はなし。,0
レジの方は接客的に対応してほしい。,1
いつも親切丁寧です!日本人以外の方も、もう少し愛想が良ければもっと良いと思います 。,1
豆腐と牛乳がいつも安くて嬉しい PB商品の種類が増えて、嬉しいです いつも楽しみに来店しています 。,0
レジのZさんの対応が良く、大変満足しています 。,0
値札に（お一人様1点まで）の商品で、安く書いてあったので買って、家に帰ってレシートを見たら安くなってなかった 安くなってたから買ったのにショックだった ちゃんと値段の把握をして欲しいです 。,1
探し物をしている時に親切に若い女性の店員さんがさがしてくれました ありがとうございました。,0
食品のレジの『K』さん（名札に書いてありました）私の顔をちゃんと見て『いつもご利用ありがとうございます』と丁寧に笑顔で挨拶してくれました とても感じの良くテキパキして商品も丁寧に扱ってくれました まだ若いのに素晴らしい対応でした 買い物して気持ちよく帰れるのって最高に気持ち良いです 又買い物に来ます 。,0
混んでいるレジに誘導するスタッフがレジを手伝っていたのがよかったです スタッフが機能的に連携していました 。,0
カートの使用を推奨する割には通路が狭すぎる 踏み台で通せんぼされるとイラッとする 。,0
なし。,0
栃尾の油揚げ置いて欲しいタレなし納豆も置いて欲しい。,1
レジの並びが分かりにくかった。,0
日清焼きそばBIGUFOを販売して下さい。,1
マジカ会員へのレジ袋サービスは、ありがたいです！。,0
当たらなーい 。,0
買い物カゴに焼き鳥のタレ？みたいな汚れが少しついていました しっかりと拭き取り消毒していただきたいです 。,1
レジのKさん？の対応と雰囲気がすごく良いです 。,0
野菜を置いて欲しい。,1
電子決済できるようにしてほしい。,1
学生アルバイトが黙々と仕事をしており頑張っているなと思います 。,0
特にありません 。,0
いつもありがとうございます 食品の位置が変更になったようで、お疲れ様でした いつもクーポン利用で購入しているお菓子が移動しており、メイン通路とお菓子コーナーを探しましたが見つからなかったです（ ;  ; ）しかし、お会計後に別の通路のところに移動してあるのを見つけて…少し悩ましかったです 。,0
混んでいるのにレジが二個で代用しているけど他のレジも開けて欲しかった。,1
ヘアカラーの下の棚が埃っぽかったです 。,0
買い物かごを荷物台迄運んていたレジの人がいて親切だなと思った。,0
皆さん親切丁寧です。,0
ピーク時はレジを少し多く出してほしい 。,1
レジの会計で、焼き芋やそうめんが入っていたのに、上からトイレットペーパー18ロールボンっ！と載せられて接客最悪でした 小太りの男の子です。,0
店の人親切です・,0
レジに長く並ばなくていいのがいいけど、木曜にLINEクーポンがある事を知らなかったので、LINEクーポンありますよ！とか声かけてもらえたら嬉しいのになと思いました 。,1
ボタニスト系商品を安くして下さい 。,1
お買い物はもちろんのこと、レジの対応もてきぱきと気持ちよく、お店に行くのが楽しいです 。,0
カー用品の品物をもっと増やして欲しい 。,1
クレカなどの会計の際サインが必要なことがあっていちいち係員に来てもらってサインすると言う流れでしたがもっとスムーズにできたら良いと思いました 。,1
お得に購入できるからありがたいです 。,0
5.6コ入の菓子パンが魅力的なものが全くない事が多い。,1
値上がりの商品が多くなってきたので、よりお値打ちな商品をお願いします お値打ち価格で買えると嬉しくなってまた買いたくなります 。,1
クーポンが良い 。,0
また広告の品の豚肉がなかった納豆もないしモッツァレラチーズもなかった最近のドンキはどうなってるんですか他の安い店に変えたほうがいいのかしらと思う。,1
インスタラーメンをもっと安くしてほしい 一人暮らしの男性には必需品です 。,1
スピードも良く、満足しています 。,0
炭酸水を安くしてほしい。,1
レジに行列ができていた中、会計レジのトラブル？でレジに入っていた店の人がいなかった でもちょっとしたら他のレジが開き始めたからよかった。,0
ジョージアのオリジナル缶コーヒーが無いので置いて欲しい 。,1
ピュリナワン。,0
いつもチーパスの有無を聞いてくれてありがたい。,0
一部陳列が変わっていました、よかったと思います 他にもあると思います　よろしくお願いします 。,0
箱入りのアイスがどれもイオンやハローズより高い。,0
会計の人はとてもよかった。,0
駐車場にゴミやペットボトルが落ちてて、停めにくかった 。,0
空いているレジの方は、混んでいるレジに並んでいるお客様を誘導するともっと流れると思います。,0
レジ担当者すこぶる無愛想だった こういう人はココで珍しいですね…バイトという印象ではなかったが喋り方もブッキラボウで丁寧さに欠けていたし品物の扱いも雑だった。,0
対応は良かった、でも普通かな？。,0
駐車場が凸凹していてカートがおしずらい。,0
カップラーメンを安くしてほしい 。,1
惣菜がいつも一緒。,0
カラーコンタクトが2箱で980円などよくカラコンを買うのでとても良かったです！！従業員さんの対応が少し冷たい気がしました。,0
従業員のUさんがとても親切で気持ちよかったです 。,0
牛乳を安くしてほしいです 。,1
POPがカートに当たって邪魔 POPを商品でおさえているから商品取るとPOPが落ちる 。,0
地下駐車場のカートを整理してるおじさんの笑顔と対応が素敵 。,0
レジの若い店員さんが優しそうだった 日替わり商品がすごく安いので毎日行っています 。,0
財布を忘れてしまいすぐ取りに伺いました 声をかけたスタッフさんも財布を持ってきて頂いたスタッフさんも丁寧に優しく対応して下さいました ありがとうございました また買い物に行きます 。,0
サムライウーマンのシリーズ増やして欲しいです 。,1
チャーンができるディスペンサーがあると便利。,1
十六茶が安いと思いましたが、そうではありませんでした また安い時に買いたいと思います 。,1
誰も親切丁寧です。,0
柔軟剤のモルトを入荷してほしいと言い続けてきました すごく安かったので売り切れ次第終了でしょうけどほんとにほんとに嬉しかったです！！買いだめしちゃいました！！またお願いします！！ニュースして頂き有難うございました。,1
今日も快適にお買い物が出来ました 有難うございました 。,0
Sさんの対応が丁寧でとても良かったです。,0
特になし。,0
いつも頑張ってカート回収してくれています。,0
店員の対応の良し悪しで選んでしまう,0
トマトを安くして欲しい。,1
納豆や漬物を安くして欲しい！。,1
特にありません 。,0
特に無い。,0
ドンペンシールのクーポンを保有してレジで買い物をしたら、店員に在庫が切れましたと言われました クーポン保有した分は確保して欲しかったです とても残念でした 。,0
怪しい人に間違われた 残念です 。,0
駐車場穴だらけ。,0
鶏肉、安くて美味しいのでよく買いますが、骨が取れていなく残っている事が多くて残念です。,0
箸を着けるか聞いてくれた。,0
地下にもお手洗いがほしい。,1
レジの対応は良かったです。,0
特に無い。,0
コーンドレッシング置いてほしぃ！。,1
レジ混みすぎ！ティシュを品出ししていた男性店員がさつ!,0
今日の食品売り場は補充用商品の箱があちこちに乱雑に置かれていました ほぼ商品棚の隅に重ねて置いてありましたが綺麗に置かれてないのでカートの車輪が引かかって歩き辛かったです レジは、スムーズにお会計出来ました ありがとうございました 。,0
通路をもっと広くして下さい 。,1
特になし。,0
いつもありがとうございます新しい仮面ライダーのおもちゃももっとあれば助かります。,1
先週買った大袋の梨、傷んだものが入っていました 商品管理を徹底してください 。,0
特になし と言いたいところですが、気の利いたラインナップとニベアのデカ缶、またよろしくお願いします。,0
広々としていてよかった。,0
最近レジが混まないからありがたい 。,0
今日は入口にお茶の箱売りがあり、購入しました たくさんありました ついでにきのこの里も安かったので買いました 。,0
スムーズに会計が出来た。,0
レジの行列で通路を塞いでいる場合が多くあり通路が通り難い様に思います(岸和田店) レジ場所移動やレジ配置換えなど何か解決策や方法を考えて通路を通り易くして頂きたく思います(隣接している長崎屋も同じ様な感じ) 。,1
日用品、食品のクーポンを増やして欲しい 。,1
何処に何があるか地図の様なものを、置いて欲しい。,1
水木クーポンの出し方が分かりづらい。,0
外国人のスタッフの方が丁寧に対応してくださりました 。,0
先日に続き同じ様なクレームです レジのSさん(男性) シャツを購入したのですが、プラスチックのハンガーをはずされる時、シャツが痛む外し方をされました そんな外され方されるくらいなら付けたままにして欲しいと伝えましたが、それでも無理矢理外そうとしました 結局外して裏返ったシャツを乱雑にカゴに入れられました 客の購入した商品を丁寧に扱う事は出来ないのですかね？マジカの買い物袋を忘れられたので、くださいと言うと睨みつけられました 店員としての資質を疑います 長年通っているので、しっかりした、店員さんも知っていますが、、、お客が気持ちよく買い物できるようには、ならないんですかね？。,0
いつもありがとうございます。,0
野菜を多く仕入れてください 。,1
土日レジの混雑がきになる。,0
いつもレジにお客さんが並んでる 時間帯を考慮してレジを開放して欲しい またアイスクリームが解けてることが多い 隣のレジでしたが、4つも交換してました 扉付きの冷凍庫に変えては？。,1
欲しいな〜っと思った時に？いくらするのか？その商品の値段が分からなくて買えなかった せっかくの激安商品かも知れないのに凄く残念な思いをしました,0
特になし。,0
