カテゴリー,タグ
商品,カーライフ
商品,トイ＆バラエティ
商品,ホームエレクトロニクス
商品,スマホパーツ
商品,ラブグッズ
商品,パーティーグッズ
商品,理美容家電
商品,ホームインテリア
商品,ホームグッズ
商品,カーペンター＆ツール
商品,サイクル
商品,寝具
商品,プロテイン・トレーニング
商品,アウトドア
商品,フューチャープロダクト
商品,デイリーグッズ
商品,ヘルスケア
商品,ペット＆ガーデン
商品,メンズインナー
商品,ファッション＆カバン
商品,ブランドファッション
商品,インポート
商品,シューズ
商品,レディス・キッズインナー
商品,アロマ
商品,コスメ
商品,ステーショナリー
商品,レディスファッション雑貨
商品,スキンケア
商品,フード＆ドリンク
商品,デイリー
商品,リカー＆ワイン
商品,ギフト
商品,菓子・珍味
商品,デリカ
商品,フレッシュミート
商品,ベジタブル・フルーツ
商品,フレッシュフィッシュ
サービス・店舗,商品価格
サービス・店舗,商品知識
サービス・店舗,接客態度
サービス・店舗,レジ処理の速度
サービス・店舗,店内の清潔度
サービス・店舗,店内レイアウト
サービス・店舗,商品陳列
サービス・店舗,商品在庫
サービス・店舗,割引サービス
サービス・店舗,会計
サービス・店舗,欠品
サービス・店舗,その他サービス
サービス・店舗,照明設備
サービス・店舗,音響設備
サービス・店舗,駐車場
サービス・店舗,空調
サービス・店舗,安全対策
サービス・店舗,トイレ設備
サービス・店舗,ハンディキャップ対応
サービス・店舗,その他設備
