商品にホコリかぶっていました 。,0
浜の町店はクーポンの種類が少ないように思います。,0
パン売り場のパンの種類をふやしてほしいです バケットをおいてください 。,1
駐輪場を作ってほしい。,1
買い物袋を忘れた時、マジカで支払うともらえたので助かりました 。,1
きき湯を安くしてほしい。,0
業務用ミックスナッツをおいてね!。,1
従業員全員がもう少し愛想良く対応してくれると気持ちよく買い物できる お菓子全般値上げしないで欲しい お菓子はドンキでしか買わないので 。,2
アプリのデジタルクーポンの先着数をもっと増やして欲しいです 。,2
【国産　おろし大根　４袋入  ¥100】【菅原冷蔵　広野工場　9:00~17:00土日祝日は除く　0234-92-3131】←販売を検討して下さい…。,2
バイトがやる気ないな 。,0
いつも有難う御座います。,1
レジのSさんめっちゃ対応ええ。,1
豆腐と牛乳がいつも安くて嬉しい PB商品の種類が増えて、嬉しいです いつも楽しみに来店しています 。,1
レジ係のIさんに親切に対応して頂きました ありがとうございます 。,1
特にないです 。,2
レジが遅いうえに態度がわるい。,0
いつも楽しく買い物してます。,1
特に無い。,2
売場の陳列が変わって見やすくなったと思います。,1
レジの人が親切で良かったです 。,1
お得に購入できるからありがたいです 。,1
レジで親切にマジカの事を教えてくださいました。,1
カートが使いにくい！落ちる！まとめ買いは他で買う。,0
お米の価額をもっと下げってもらえないでしょうか？市場より1円や2円安いというのは1番安いとは言えません 。,0
良く服を見るのが楽しくて見ますが･･･可愛い服とか大人っぽい服とか、サイズが無くて諦めたりします 女性用でXLとかあってくれると娘と双子コーデが楽しめたりするのに･･･って思います！夢が叶う日が来て欲しいです 。,1
クーポンを2個、並びで押したはずが、最初に押したクーポンが反映されず、押す前の状態に戻っていた 店員さんは値引き処理しますと言ってくれましたが、面倒なので20円引きはあきらめました 次回から、クーポン押さなくてもバーコードで自動的に値引きするようにしてください それと、店内の電波状況が悪いのが反映され無かった原因だと思います 電波状況の改善も合わせてお願い致します 。,0
3ヵ所しかレジが開いてなくて何処も5人位並んでいた 少ししてから他のレジが開いたが もう少し速い対応をしてほしい 。,0
ジョージアのオリジナル缶コーヒーが無いので置いて欲しい 。,1
申し分ありませんでした 。,2
混んでいても、皆さんニコニコとしていますね 頑張って下さい。,1
2.2ミリの太麺パスタを入れて下さい トロピカーナグレープフルーツジュースの小さいバックを入れて下さい 。,2
大きい子供用のオモチャを持てる限り持って並んでいました 順番がきたのでマジカカード提出後、買い物袋を下さいと言うと、カートを使ってないのでと断られました 目の前にあるカートに入れて並び直して下さいと わざわざ持てる限り持って並んでるのに嫌がらせとしか思えませんね 他のお客の前で晒された気分でした あの店員さんには不満しかないです その後、一階で食品を買ってレジに並ぶとまたその店員さんがいました カード支払いが終わると一品だけレジを打ち忘れたと言われ結局一品だけ現金で購入しました 不愉快極まりない。,0
いつもありがとうございます 食品の位置が変更になったようで、お疲れ様でした いつもクーポン利用で購入しているお菓子が移動しており、メイン通路とお菓子コーナーを探しましたが見つからなかったです（ ;  ; ）しかし、お会計後に別の通路のところに移動してあるのを見つけて…少し悩ましかったです 。,2
品出しが追いついていなかったです。,0
お目当てのシャケフレークが売り切れでなかったテレビで出てた商品なので多めに用意してほしい。,0
リニューアルして店の中が明るくなって、商品がゴチャゴチャしてなくて通路も広く買い物しやすくなったと感じました 。,1
とても良い。,1
このアプリでもHP上でもいいので各店舗のフロアマップがあると助かります 。,2
冷凍食品の日清台湾混ぜそばがなくなったので、仕入れ復活させて欲しいです。,0
かなりレジが混雑しているのに、レジが2台しか稼働してなくて、待ち時間が長かった また、タバコの配置と番号がわかりにくい IQOSのセンティアクリアシルバーが、他のセンティアの上に置かれていて、番号をと言われても、どの番号を言っていいのかわからない 。,0
広告の商品がどこにあるか分からない、店中探したが分からなかった❗️分かりやすくして下さい‼️。,0
特になし。,2
また広告の品の豚肉がなかった納豆もないしモッツァレラチーズもなかった最近のドンキはどうなってるんですか他の安い店に変えたほうがいいのかしらと思う。,2
駐車場で高齢者の母をのせていたら、掃除の方がとおりかかって、空いたカゴを持っていってくださいました すごく助かりました。,1
レジの対応が親切で良かったです お刺身の切り身の品数増えたら嬉しいです 。,1
駐車する際、空きスペースが少し少ないような気がします 駐車場の立体化できれば、便利になります 。,2
冷凍食品の惣菜を増やして欲しい。,2
従業員のOさんは、いつも対応が大変良いです 昼間の女性は、全て感じも良いですね！カクテキキムチ100円で、販売して欲しい‼️。,1
更新されたアプリが使いにくい 使いにく更新するってどういうこと？。,0
希望している商品があったりなかったりして定期的に続けて購入が出来ず困る 安定して入荷してほしい 。,1
たいへん良好。,1
銀座店のサッカー台にゴミ箱を設置してほしいです よろしくお願いします 。,1
インスタントラーメン、お水、ドリンクをもう少し安くして欲しい。,1
すぐに聞ける店員さんが少ない気がします 。,2
レジの場所が分かりづらい。,0
同じ事を何度も言いますが、品出しをしているスタッフの方の指導は、どうなっているのでしょう？箱を通路に広げて、どかそうともしない挨拶もしない、そのような指導をしているのですか？不愉快です 。,0
特に無い。,2
レジ待ち時間が長いです 。,0
会員限定値引きの値札が見にくいものが多かったです。,0
レジが早くて嬉しいです 人の列ができるとすぐに応援の人が来てくれます！。,1
マスクの種類はもうちょい増やしてくれへんかな？,2
駐車場の割引が2000円以上で1時間は高すぎる また出口も厚木街道に出にくく駐車場の中で渋滞していることがある 。,0
駐車場穴だらけ。,0
照明が明るすぎて疲れた 。,0
レジが2人体制だったので、とてもスムーズに終わりました 。,1
みなさんいい人たちばかりです。,1
品数が少なくクーポンの商品がないことがある？。,2
レジの若い店員の接客態度が悪い。,0
もう少し 障害者に 優しく できる まる買い物が できるようにしてください 。,1
夕方の忙しい時間でしたが、皆さん、テキパキと仕事をしていました 頑張って下さい。,1
paypay決済が出来るようにして欲しい 。,1
いつもレジがいっぱいなので、もっとレジを開けてもらうかセルフレジがあるといい。,2
クーポンサービスわかりにくい,0
レジスタッフさんは、どの方も、笑顔で、嫌な気分になったことがないです 。,1
いつもありがとうございます。,1
かじのやのしそのり納豆を入荷して欲しいです 。,1
加藤くんもっと頑張りましょうマジカカード会員でバーコード提示してるんだから千種香流店のステッカー引換券持ってるの知ってるよね❗こっちもいい忘れたからステッカーもらい損ないましたよ。,1
全体的に前より高くなったから安くしてほしい。,0
特に有りません。,2
とっても良い対応ありがとうございます。,1
従業員のUさんがとても親切で気持ちよかったです 。,1
品揃えがよく買い物に行くのが楽しみです 。,1
従業員の方どなたも感じがよく対応してくださったので買い物が楽しかったです 。,1
他店舗で実施しているアプリ会員限定でレジ袋をもらえるサービスをいろいろな店舗でも実施してくれるとありがたいです 。,1
無料の袋を入れときますと先に言ってくれた 。,1
袋詰する台まで遠いし狭い 。,0
このくじがもう1年以上当たってないけど、どんな確率なんでしょうかね?!。,2
マヨネーズを安くしてほしい 。,1
トイレが汚い。長居ができん,0
セルフレジはなかなかなれないです。,2
レジにいると思った店員がいきなり別のレジに移動してしまい、とても待たされた。,0
案内図が欲しい。,1
冷凍パスタの宣伝メールをいい加減にやめてほしい 目障り そんなことしなくても定期的に買っている 送る対象を間違えている 。,0
クーポン取得した商品の場所が分かり難い時があります 店員さんに聞きたくても店員さんが見つからず、クーポン利用を諦めてしまう事があります 。,0
レジの方の対応がとても良かったです。,1
買いたい商品の前で！お話しむかついた！邪魔で買わなかった。,0
レジの男性が親切。,1
安かった。,1
店員の愛想を良くしてほしいです 。,1
チャージしようとしたら、出来なかったので、レジでチャージしました どうしてできなかったのでしょうか？。,2
安売りの品の所に違う商品が入っていて、間違えて購入しそうになった 気になる商品があったが値段表示がなく購入しなかった。,2
荷物を袋につめるところがせまい。,0
久しぶりの八丁堀店でしたが楽しかったです。,1
レジに長く並ばなくていいのがいいけど、木曜にLINEクーポンがある事を知らなかったので、LINEクーポンありますよ！とか声かけてもらえたら嬉しいのになと思いました 。,2
お菓子のうまい棒のバラ売りがほしいです。,1
いつもありがとうございます 。,1
お名前は覚えておりませんが、新人さんマークが付いた方でしたが、対応が良くスムーズでした 。,1
特に無いなっしー。,2
混んでいても、空いてるレジに誘導してくれて、前に置いていた商品が見当たらなく、店員さんに、聴くと、端末で在庫などを確認してくれて、親切丁寧な対応をしてくださいました 季節の移り代わりの商品などわかりやすく、値下げ品も満足して買えます 。,1
私がいつも飲んでいるお酒が゛安くてしかもオマケ付き ゛と連絡を貰ったから、仕事帰りにかけつけました オマケ（チップスター）が付いてなくてガッカリでした 。,0
店員さん若いのに活気がないね。,0
良いです。,1
なし。,2
特にない 書いてもどうせ何も変わらないから 。,2
特に不満やトラブルはありません。,1
いつも利用させていただいてます 品揃えが豊富で安くとても助かっております ありがとうございます 一つだけお願いするとしたら、韓国系のカップラーメンが食べたくて、高田馬場周辺で売っているところで思い浮かぶのはドンキだけだったので買いにいきましたが、韓国系の商品があまり陳列されたなくて少し残念でした 東府中のドンキに行った時、韓国系のコーナーがあったりしてました 今、YouTubeなどでモッパン動画が流行っているので、ぜひ高田馬場のドンキ様にも韓国系の商品を取り扱っていただきたいと願ってます 。,1
初めて行きました 広くてドンキに来たなーと思いました 。,1
Kさんという従業員の方が、重い箱のドリンクを運んでくれました いつも親切にしてくださる方で、助かります ありがとうございました 。,1
対応が良かった。,1
探し物をしている時に親切に若い女性の店員さんがさがしてくれました ありがとうございました。,1
何時に行っても、欠品している商品がある 例えば、ポテチとか 在庫が無いのか、並べる気が無いのか、はっきりして欲しい 。,0
生ハムが、198円から238円になってからは買っていません よく行く食品スｰパーと価格が変わらなくなったからです 何故なのでしょうか？。,2
既に販売してるのを見つけられなかったのかも知れませんが炭酸シャンプーを取り扱って欲しいです 。,1
レジ打ちの若い男性の態度が、あまりにもぶっきらぼうで、声も小さく聞き取り辛くて最悪でした クーポン対象の商品も、上限数がまだまだ沢山あったにも関わらず、棚に一つも陳列されていなくて、店員さんに確認したかったので、10分程探しましたが、誰も売り場にはいませんでした 久しぶりに嫌な気持ちで店を出ました 。,0
済ません直ぐに思い浮かびませんでした 。,2
空いているレジの方は、混んでいるレジに並んでいるお客様を誘導するともっと流れると思います。,1
まだ商品の場所が慣れてなくて、何ヶ所か定員さんに尋ねました みなさん商品の場所まで丁寧に案内してくれました 自宅からは多少距離がありますが、定員さんの接客の良さ、商品の安さ、これからはこちらでお買い物します 。,1
以前、レジ会計時に男性店員さんにとても不愉快な対応をされたことがありました ですが、最近、レジが女性店員さんになり、毎回、とても気持ちの良い対応をしてもらっています ほんの少しの心配りで、気持ち良く買い物を済ませることができます いつもありがとうございます ご苦労様です 。,1
詰替用の乾燥パセリが有機パセリの高いヤツしか無く、探しても見付かりませんでした。,0
女性の店員さんは皆、対応良いです。,1
ドン・キホーテ宗像店は、出来たばかりでもあり、他の店舗よりも商品が見やすく分かりやすいです 宗像に出来てくれた事に、感謝しかありません これからも利用させて頂きます！。,1
特にない。,2
贅沢しぼりのチューハイを安くしてほしいです 。,0
ジャーに入った、皮つきカシューナッツを以前に安く買えて、とても美味しかったので、またぜひお取り扱いお願いいたします！。,1
冷凍食品用のドライアイスが欲しい ドンペンのUFOキャッチャーがぜんぜん取れない 。,0
今日の食品売り場は補充用商品の箱があちこちに乱雑に置かれていました ほぼ商品棚の隅に重ねて置いてありましたが綺麗に置かれてないのでカートの車輪が引かかって歩き辛かったです レジは、スムーズにお会計出来ました ありがとうございました 。,2
カートは、いつも整理されてます レジの方も、顔確認しています。,1
駐輪場が狭い 。,0
特になし。,2
空いて良かった。,1
丁寧に接客していただいたので何も言うことはありません 。,1
ベテランらしき人はいつも対応がよい。,1
商品の価格が書いていないのがあって、近くに誰もスタッフも居ないので値段が聞けなかったので、表示価格を分かりやすくして頂けるとありがたいです 。,2
他店より安いので良く利用させて頂いております。,1
従業員のカートや品出しの為のダンボールを毎日避けならが買い物をしています 「すみません」と一度も言われた事はありません もう、態度が悪くて当たり前だと思うようになりました 。,0
買い物後にカゴの返却するのに一度店内に戻る形になるのですが荷物入れてるお客さんが居ると狭くて返却がしずらいかと言って他に返却に使えそうなスペースも無さそうだから仕方ない気もする。,2
このご時世値上がりは仕方ないけど値上げしておいて安値維持とか書かないでほしい。,0
サービスカウンターの方の対応が早くて助かります 。,1
コード決済ができるようにして欲しい(楽天ペイ、PayPayなど…),1
韓国の冷凍食品があるのが嬉しい。,1
野菜を置いて欲しい。,2
メガネ、ふっくらされている男性ですが、何時も心地良い対応をされます。,1
レジ係はぶすっとしていてヤダなぁと思ったが、キャベツをビニール袋に入れてくれたり、仕事は丁寧だった 。,2
前回も書かせて頂きましたが、従業員さんの対応はいつも丁寧なので、安心して買い物ができます 有り難うこざいます 。,1
めぐミルクのアカディを入れて欲しいです。,1
クーポン商品の配送が遅れており、また足を運ばなくてはならないのが近いところではない為に、手間でした 。,0
箸を着けるか聞いて欲しい。必要だったのに入っていなかった,2
レジSさん良い応対です 。,1
以前、六本木店でクリスマスツリーを購入したが、ツリーの幹や枝が折れていて、使い物にならなかった 残念！。,0
アプリ　アップデートしたら、異常に使いづらい 元のほうがよかった！！。,0
レジが２台しか開いていなかったので並びました 。,2
十六茶が安いと思いましたが、そうではありませんでした また安い時に買いたいと思います 。,2
レジが混んでいると、数を増やしてくれるので助かります。,1
レジの対応が良かったです。,1
驚くような商品はありませんでしたが、驚くような出来事はありました。,2
特になし。,2
クーポンが出ている商品の中にどこにも陳列されてないものがある。,2
我が家の在庫がすぐ無くなるので、ギャッツビーの洗顔をいつでも安くしてほしいです。,1
レジのTTさんは丁寧で、空いてたらラッキー！と思って並びます 。,1
野菜類がもう少し安くなるようになれば良いのですが。,2
良かった。,1
16日にペイチャがつかえなかった（15日の深夜だからとのこと）。,0
米を安くしてほしい。,1
まずまず出来ていた 。,1
優しい定員さんばかりで買い物してて楽しい買い物になります。,1
いつもレジの対応が早くて嬉しいです。,1
木更津店でのことですが　クーポン発券保有出来たのに商品が無いってひどいなと思いました 。,0
欲しいな〜っと思った時に？いくらするのか？その商品の値段が分からなくて買えなかった せっかくの激安商品かも知れないのに凄く残念な思いをしました,0
特に無いです。,2
レジが混んでる 。,0
店の出入り口の傾斜が少しキツくて、カートの運びに無理がある。,0
レジ混みすぎ！ティシュを品出ししていた男性店員がさつ!,0
レジ袋が、やぶれやすいです。,0
スタッフ皆さまに親切に対応して頂いております 。,1
フルタのカカオ71%ビターショコラを取り扱いしてほしい 。,1
以前、リッツのチーズサンドがいつも在庫切れだとアンケートに上げたら、最近はいつも購入できて嬉しいです 対応していただきありがとうございます 物価高の昨今、お買い得な商品が多いドンキに助けられています 今後も良心的な価格設定をお願いします 。,1
食品が充実しているのに最近気づいたので、もっと利用しようと思っています 。,1
レジ画面が見えない。,0
現金払いが当たり前だったので、電子マネーとかpay払いはまだなれてないのでいろんなことがわからないことばかりです わからないとレジで戸惑って時間がかかり周りに迷惑をかけてしまいます 。,0
特に無し。,2
ドンペンシールのクーポンを保有してレジで買い物をしたら、店員に在庫が切れましたと言われました クーポン保有した分は確保して欲しかったです とても残念でした 。,0
最初に並んでたレジで前のお客さんがちょっと時間かかりそうでした すぐに従業員の加藤さんが笑顔でこちらにどうぞとレジを開けてくれました ずっと笑顔で対応も良かったです 。,1
酒類の台車ので位置が気になる。,2
子供用マスクの在庫が少なかったので、常に置いてあると良いと思う。,1
レジスタッフを増やして欲しいです 。,1
レジ担当者すこぶる無愛想だった こういう人はココで珍しいですね…バイトという印象ではなかったが喋り方もブッキラボウで丁寧さに欠けていたし品物の扱いも雑だった。,0
値札に（お一人様1点まで）の商品で、安く書いてあったので買って、家に帰ってレシートを見たら安くなってなかった 安くなってたから買ったのにショックだった ちゃんと値段の把握をして欲しいです 。,0
レジの人はいつも親切です。,1
洗剤類をもう少し安くしてほしい。,1
前より　わずかに良くなって　きてますが、まだまだですね!!　今週は、対応の良くない　店員の名札確認します！　。,2
レジの方は素早い動きで気持ち良い。,1
クーポンについて、詳しく教えてくれました 。,1
豆乳を安くしてほしいです 。,2
今のまま品数豊富でお願いします。,1
商品にけっこう埃がたまってる。,0
野菜を安くしてほしいです 。,1
セルフレジがほしい。,1
ペットボトル飲料が高い。,0
レジの男の店員は、なんの挨拶もない！。,0
買いたい商品を探していましたが棚出しスタッフが忙しそうで質問が出来なかった,2
地下二階にいた細いおばさんのレジさんが何も出来ない 。,0
特になし。,2
検査キットが欲しくてmajicaに強制的に登録させられ、折角だから、５%offのクーポン使いたくて初めてクーポン使うし定員に声かけてって書いてあったから聞いたらバーコードの画面で良いですって言われ、レシート見たら５%offはされてなくて他のクーポンは何個か使えてた クーポンの機能事態も使いにくいけど、定員の対応もめんどくさそうだし、スキャンした後のカゴに物を入れるのも雑でバッテリーに関しては、投げた？って思う入れ方で凄く不愉快でした クーポンの使用方法の改善も検討お願いします 。,0
何時もＬＧ購入するのですが、賞味期限が短いので、もう少し長めが入荷してると、一度に2箱買えるので有難いです 。,1
ドンキホーテの食品は大きい物が多い 。,2
クーポン取得したが品切れだった騙された気分。,0
いつも気持ちの良いレジ対応に感謝しています。,1
特にない 。,2
北海道フェアみたいな感じで北の産地の物を売ってるのは魅力的だなと思いました 。,1
店員は良かったけど、くじの意味有りますか？アンケートを取るだけの当たりの無いくじでは？仕事場は2000人近くいますが、当たった人は聞いた事無いです。,2
重たい荷物(お米)を前の机まで運んでもらえてとても助かりました。,1
特になし。,2
テスターと場所と商品の場所がいつも違う！確認するのも大変なので改善して欲しい 。,0
レジめっちゃ丁寧でよかったわ,1
駐車場の警備員がクソ態度悪い,0
東洋水産ふっくら中華風おこわ298円を復活させて頂きたい。,0
開店直後か、21:00過ぎでもないとレジで相当並ぶ レジ自体は10台以上あるよう 開放してるのは半分強 安いがゆえにみんな大量買い 近くのスーパー、セルフレジ6台、有人レジ2台 客数、購入量からしたらもっとレジ開放したほうがいいと思う 。,2
特になし。,2
安くて嬉しいです 行くのが楽しみです 。,1
最近レジの店員さんは皆さん言葉もハキハキしているしお客様対応が良くなったと思います、接客面では無いんですが！いつもワンちゃんの餌にササミのメガ盛りを買うんですが最近価格が高くなった上にササミの処理が雑になったような気がします薄皮がくっついていて食べるのは食べるんですが湯がいた後はがして与えてます 。,0
衣料品に特化した店にして欲しいです ゲｰムとかは、要らない 年配の人ように種類を増やして欲しいです 。,1
ゲームソフトを購入したときに売り場にはダミーソフト置いてなかったのですがレジで問い合わせたところ、裏から在庫を探してきてくださり丁寧に対応していただきました どこも、売り切れで諦めていたのでとても、嬉しかったです 。,1
いつも頑張ってカート回収してくれています。,1
これからも利用させていただきます 。,1
相変わらず、通路に商品のコンテナがあって邪魔なんですよね 。,0
お手洗いは掃除はされているのですが、おそらく古いため、便器の周りの床がジワッと濡れていたり、何となく汚いなという感じがします 綺麗になって欲しいです 。,0
最近ドンキ行ってなかったけと、やっぱり安くていいな～と思った。,1
majicaクーポンの商品持って行ったつもりが違った商品だったようでレジの人がその商品持ってくるように店員に連絡したところその店員も間違った商品持ってきて結果クーポンの商品はなかったそれってまぎらわしいと思いませんか？もっとわかりやすくして欲しいです。,0
カートの台数を増やして下さい 。,1
今回、売場価格表示とレジ精算価格が違ってた 。,0
良かった。,1
ないです。,2
レジの人がスムーズで良かった！シャンプーが少し高い気がしますもう少し安くしたらお客さんも買うかも。,2
いつも良いお店と思います 今後もよろしくお願いします 。,1
花王のキッチンハイターを購入したかったのだが、ドンキホーテオリジナル商品の情熱価格のキッチンブリーチしか置かれていなかった また花王のキッチンハイターも置いて欲しい 。,0
従業員さんのニコニコが嬉しかったです＼(^o^)／。,1
ベビーカーでエレベーターに乗る時、いつもお店の方が対応してくださって素晴らしい！。,1
高松店に有名なブランド品を増やして欲しい 。,1
Calbeeのポテトチップスのセールをお願いします!!ドラッグストアよりドンキが安いのは知ってますが、もう少しだけで良いので値下げをお願いしますm(_ _)m。,1
アリエール除菌プラスが以前945g298円で売っていたが、ココ最近、増量してるのにも関わらず高くなってる 。,0
モルティーザースというチョコレートを取り扱って欲しいです 。,1
レジの方の対応がとても良かったです 。,1
従業員のSさんの笑顔応対等が良かった 気配りもできていました 質問にも、いつも答えていただき、ありがとうございます 。,1
弁当美味しい。,1
豚アレルギーの為　ターキーのハムやウインナーを取り扱ってくれたら嬉しいです。,2
インスタントラーメンを安くしてほしい。,1
入り口を広くしてほしいです。,2
問い合わせに対して、その商品はまだ入荷していないとのことでしたが、以前あったから聞いてみたのに入荷指定なしていないの意味がわからなかった 笑顔も見うけられない 無愛想だった 。,0
スムーズでした,1
レジの担当者が親切、丁寧な対応で良かった‼️。,1
また値札とレジの金額が違いました 。,0
9月15日午後3時頃来店 品出ししてる従業員、商品を取りたいのに台車をどかしてくれず目が合ったにも関わらず黙々と作業を続けた どこもかしこも商品棚の前に段ボールの山 棚に並んでる商品取れない 人手不足なら手が回らない段ボールはバックヤードに置いておくべきでは？。,0
特にない。,2
レジスタッフさん、以前よりとてもいいです。,1
フィラのTシャツをそろそろ安くして欲しい 。,0
レジでの間違い時に謝罪の言葉なし。,0
ペット用品増やして欲しい。,1
レジのAさんの対応はとても良かった 。,1
サムライウーマンのシリーズ増やして欲しいです 。,1
オートミールの種類を増やして欲しい。,1
北海道商品を増やして欲しい。,1
忙しいか、コロナウイルスか余り、声かけは有りません お客さまの籠から袋が落ちて、レジの補佐の人がその袋を誤って踏みそのままお客さまの籠に返してました 商品を取り変えた方が良かったのではないかな。,2
サービスカウンターの店員さんが対応が良いです。,1
良いです。,1
トイレットペーパーを安くして欲しいです 。,0
きのう、アップデートしてQRコードからバーコードになったようだが、従業員を呼んでも解決しなかった また左の端末の紙切れで使用不可だったが、上記対応で従業員の人を呼んで見てもらった際に端末を絶対見てるのにすぐに対応せず使用不可のままだった ・9：10ごろに行ってすでに平日のAM限定の安価の卵が買えなかった スマホで予約をできるのは分かるが、足を運んでいる客も大事にした方がよいのでは？・品出しの嵐でけっこうじゃま 従業員がたくさんいるのにすいませんの一言もない 。,0
皆さん親切丁寧です。,1
駐輪場の放置自転車を片付けて 麒麟の酎ハイグレープ味、500mlも販売して 酎ハイを冷やして 今日は店員さんの挨拶が多くて気持ちよかったです 。,1
チラシ以外の特売品は、お得感が増すし、何があるかの楽しみも増すので、これからもどんどんお願いします 。,1
本日の朝の職員さんは、陳列しながらでも皆さん挨拶して下さって気持ち良かったです 。,1
従業員の女性(レジ)の対応が良かった。,1
開いてるレジがわかりにくいのが残念 店内のWi-Fiにつながっても、弱い為、アプリが起動しない アプリを起動させる為、いちいちWi-Fiを切らなくてはならないのがとても面倒 更に、元に戻すのを忘れ、自宅のWi-Fiにつながっでいるものだと思いギガを使ってしまい失敗することも 繋がらないWi-Fiなら、やめてほしい 。,0
レジの店員さんが、ニコニコしてます！。,1
特売品以外の商品も出来る限り安くして欲しい。,1
特に無し。,2
ポップの値段と　レシートの値段が違っているのは　どうしてですか?昨日より安いと　思ったから買ったのに　値段の見間違いかと思い翌日確認したけと　見間違いではなかった ものすごく損した気分　数年前にも　同じ事が　ありました。,0
とても優しい従業員さんで丁寧な接客でした 。,1
店内位置替えでわかりにくくなった。,0
どこに何があるかもう少しわかりやすくしてほしい。,1
大きいサイズの、アンダーウェアを、小スペースで良いので、置いて欲しいです (３L．４Ｌ．のパンツ などなど！！　。,0
覚えたら棚変え‼️覚えたら棚変え‼️。,2
最近又通路がせまくなってるところが多々あります 通りづらく、商品も見にくい売り場もあります 。,0
アプリのアップデートでクーポンが分からないのがあり、レジで店員さんに聞いたけど、あ〜アップデートで難しく分かりませんと言われ対応してくれませんでした わからないから聞いてるのに、対応しないなら聞く意味無いとおもいました 。,0
早朝で空いてたので良かったです。,1
レジのメガネやのおばちゃんが、とても親切だったありがたかった。,1
スマホの使い方があまり得意じゃない私に　スマホを使ってクーポンを得る時など、スタッフさん優しく教えて下さいました ありがとうございました 　。,1
キャットフードをもう少しお安くしてもらいたいです 。,1
本日のレジKDさん、いらっしゃいませの挨拶も無しです、商品の取り扱いも非常に雑でした お伝え下さいませ 。,0
駐車場割引を他店プラスで受けられることを教えてくれた 感謝です。,1
いつも丁寧な対応ありがとうございます。,1
値札がついていない商品が積み上げてあり、店員さんに聞いて買いました 数日後に行ってもまだ値札がついていませんでした 。,0
クーポンはあるが、商品がないのがここ何回かある。仕方ないが残念。,0
エレベーターの消毒液のノズルがなく、洋服にかかってしまいました 交換お願いします。,0
袋が取りづらい。,0
クーポンを所有していたのに商品がなかった店員さんの対応イマイチでした、。,0
なし。,2
迷路過ぎて迷う。,2
トイレを綺麗にしてほしいです。,1
ゴートミルクボディシャンプー2リットルがお得で気に入った ラストワンだったので、入荷していたらリピしたい 。,1
通路に品物がいっぱい通れない。,0
レジの、店員さんの手際がよかった 忙しいでしょうに、笑顔で対応してもらいました ただ、売り場の店員さんがレジの方に比べると、寂しい感じだった 。,1
いつも通り丁寧にして頂いている,1
食料品の値段を下げて欲しい 期限の近い商品の割引を増やして欲しい。,0
クールグリースの再度取り扱いお願いします！。,1
学生アルバイトが黙々と仕事をしており頑張っているなと思います 。,1
焼肉のタレが美味しかったです 。,1
これからもワクワクドキドキする商品や品揃え さらにそれを探す、まるで探検するかのような買い物ができる店舗づくりをお願いします！。,1
いつも楽しく買い物をしています。,1
雨の日に傘が無かった。,0
レジに居た外国の店員さんの日本語が下手で分かりにくかった 。,2
豆乳が入っているパック、テトラパックの回収をしてくれたら嬉しいです 資源なのに捨てられていて残念です 。,1
Nice 。,1
柔軟剤と洗濯洗剤の大容量を置いて欲しいです！。,1
惣菜が安くなっててよかった。,1
特にありません 。,2
びっくりする様な、安い物をもっとふやしてほしい！。,1
レジの方が笑顔で対応されてました！。,1
下着を購入した時、黒の袋に入れてくれました、ありがとうございました 。,1
以前の商品などの配置が良かった！今迷路みたいで疲れる一方通行にしたのか？？。,2
さつまいもがカットされてたら買います 。,1
ペプシ・コーラ1本108円1ケース8本だと800円と店内ポップに書いてありました 1ケース買ったにもかかわらずレシートを見ると864円と打たれてました 64円は返してもらえますか？。,0
従業員の方もとてもスムーズに対応してくださり混まずに会計ができ良かったです 。,1
1499円の焼酎だけは価格を維持して欲しい。,1
ビールにオマケがついていると買ってしまいます。,1
欲しい商品の在庫がなかった 。,0
買い物かごを荷物台迄運んていたレジの人がいて親切だなと思った。,1
洗剤系すべて高い ダイレックスなどのほうがやすい。,0
箸を着けるか聞いてくれた。,2
閉店間際にお惣菜１０％引きじゃ廃棄が増えるのでは？？。,2
今日は　昼時に行ったからかな　レジが少し混んでいた　もう１列位開いてると良かったなと思った　でも余り時間は掛からなかった。,2
品揃えが良かった。,1
特価商品を陳列する時間帯の工夫。,2
最近レジが混まないからありがたい 。,1
毎回マジカアプリで購入 合計金額をギリギリの金額でチャージして購入している いつもはチャージ後に精算バーコードをピッとしてもらうが、今回は先にピッとされた （レジの人が先にと、、）後で、購入金額をチャージして、決済しようとしたら残高が足りませんとはじかれた 困ってもレジが並んでるからか店員は見てみぬふり しばらく待っても反映しなかったから、やっぱりチャージを先にしないと、ピッとしてはいけないのだと思う 困ったが、とりあえずポイントがかなりたまってたので、ポイント払いをしたので事なきを得たが、なんか損した気分 チャージのタイミングがうまく機械上できないのであれば、ピッとするタイミングを考えて欲しい 店員さん、淡々とレジをしている様子 お金がそんなにあるわけじゃないので、先に大きい金額をチャージ出来ない 店員名、レジのレシートは草田さんとなっています 。,0
レジが長蛇の列 うんざり 。,0
レジの対応は良かったです。,1
特になし。,2
売り場で聞きたいことがあっても、店員さんがなかなか見当たらない (レジの方は忙しそうで聞きにくいし、サービスカウンターまでは行きたくない)。,2
狭くて歩きにくい。,0
忙しい中、手際良くしていただきました 欲しいものも買えて良かったです 。,1
凄く良いお店でした また行きたいです 。,1
サラダチキンと燻麦値段戻して下さい。,0
一階レジ待ち、10人以上商品詰める場所が狭く待ったアルコール、炭酸一階に置いてほしい 重いからくじはじめて当たった。,2
カット野菜キャベツ安くしてくださいね。,0
ありがとうございました。,1
サービスカウンターの人材の配置が最悪 サービスに人がいなかったので呼び出しボタンを押したがなかなか、来なかった そのあと、ギフトの包装を頼んだが、すぐに包装してもらえなかった しばらく待っていたが他のお客さんを接客していた 時間がかかる場合は、先に言って欲しい 王道キムチがなくなっていた 復活させて欲しい 。,0
シェイバーの替え刃を安くしてほしい！。,0
サービスカウンターのスタッフさんの対応が素晴らしい。,1
レジのNさんに丁寧な対応してもらいました 。,1
食料品の品出し中だったのでいつも以上に通路がとおりにくかった 冷凍庫が故障中みたいでクーポンの品が陳列されてなかった 。,2
忙しそうでしたがテキパキしてました、。,1
こたにやって人、シュークリームなどバーコードを通したあと、逆さに置くし、雑に重ねるし、潰れる いちいち言わなくてもサービス業でしたら配慮できる事ではないでしょうか？。,0
レジが、よく混んでる。,0
朝一は品出し中が多く、カートが通りにくい通路が多い客に気を使わせたらおしまいでは？。,2
今日もレジ2箇所しか空いてなくて、早く帰宅したいので焦って買い物したに意味なく時間が経つ、なので会社帰りはなるべくドンキーさんは寄らないようにしてます 土日は最悪だと思います 。,0
店員の対応がよかったです　また来ます。,1
駐車場もとても綺麗で使いやすいです！。,1
いつもペットボトルのお茶をケース購入します １０月には値上げになるので駆け込み購入者が増えると思うので在庫の強化をお願いします。,1
声が聞き取りづらい。,0
スムーズで対応も良かったです 。,1
こちらの確認不足ですが…レジにて、電子マネーは使えません と言われたまではよかったが、会計後にも「IC交通系の電子マネーはご利用出来ません 」と必要以上に言われた感じがする どう思われたか分かりませんが、「申し訳ございません、その電子マネーはご利用出来ません 」だけでよくないですか 丁寧な口調な方でしたが、申し訳ございません などの言葉はなく、なんで知らないの？という感じが見て取れましたので…ちょっと残念です 。,0
買い物カゴを沢山持ってかれているのかもしれないけどカゴを持って行かないでくださいって札のカゴにされるのが不愉快エコバック持っているか聞けば良いじゃん。,2
レジすこし待った 。,2
いつも言ってるけどスタッフ対応態度悪い！。,0
レジの方の対応がとても良かったです 。,1
豊見城店、いつも利用させていただいてます 訪れるたびに店員さんの対応が悪く良いイメージはありません ですが本日レジ対応いただいた若い男性店員さん、とっても良かったです レシートに記載あるので名前はAMさん？かな？ 手際もよく声も聞こえやすく元気で好印象でした AMさんのようなスタッフがもっと増えると良いなと思います 。,1
通りかかった店員さんに、秋のハッピーお宝くじの当選番号の掲示場所を聞いたら、優しく案内してくれた 。,1
大人のおしめを探したのですが、見当たらなくて、諦めました 少しでも置いてもらえると有り難いです 。,1
レジで対応して頂いた時、精算をしていた方とは別の店員さんが精算していた方に話しかけ、無言でレシートを渡されました レジも混雑しており、確認しなきゃならないことがあったのかもしれませんが、何も言わずにレシートを渡されそのまま対応を終えられたのは不快に感じました 。,0
欲しかった物が在庫が無かった 棚に物が少なくて、高い所の物が奥まで手を伸ばすのが大変で取りにくい 。,0
トイレがわかりにくかったです もっと看板を増やしてもらえたら嬉しいです 。,1
日替わりの商品が開店1時間しないのに売り切れは早すぎる 。,0
買い物しやすかった。,1
以前あったドンキホーテオリジナルブランド冷凍食品のベリーミックスとパスタのにんにくペペロンチーノが最近見当たらないので、再度入荷してほしいです 。,1
ない。,2
子どもを抱いてたらレジの店員の男性がとても親切にカゴを運んでくれたり笑顔で対応してくれました。,1
レジの方が笑顔でとても優しく対応してくださりました ありがとうございます ボディーソープ系やヘア系が安いと嬉しいです 。,1
特にない。,2
従業員さんのちょっとした心遣いが嬉しかったです 。,1
お弁当のオカズを安く売ってほしい!!,1
レジでのお会計の際、台が濡れていたがそのまま作業されたのが不快でした 今はその都度消毒するお店もあるくらいなので、消毒とまではいかなくてもきれいな状態でやっていただきたいです 。,0
通路をもっと広くして下さい 。,2
コーンドレッシング置いてほしぃ！。,1
クジが当たらない ポイント還元が少なすぎる 頻繁に値上げしている 。,0
昼間のカラコン売り場の女性陣は本当に態度が悪過ぎます 私が会計している間も従業員の方を向いて話し続け、ありがとうございました、もなし ものを渡す時も片手 タメ口 毎回驚きます 通販だと遅かったり支払いが面倒なので仕方なく言ってますが-しかし、先日夜カラコンを買いに行ったら男性が会計をしてくれたのですが、とても丁寧でした ありがとうございました 。,2
毎回レシートが長くてクイックペイが嫌いになりそうです。,2
日清焼きそばBIGUFOを販売して下さい。,1
重い買い物をしたかごを、台まで運んでもらって、助かりました。,1
カートの返却場所が増えるといいなと思います 。,1
レジの方は印象が良いです せっかく範囲が広いのに空いてるレジが少ないのが不満です もっと沢山解放してほしいです 。,0
店内は、品出し時間だと、荷物で通路が通れない事が良くありますが、床やカゴ、カートの整頓は、いつもきれいです が、あまり売れていない商品には埃がゴッソリでした 仕方ないと思いますが、埃がっ…とは内心思ってしまいます 。,2
クーポンの検索をしやすくして欲しいm(_ _)m。,1
買いたい商品を一品忘れたら、取りに戻ることなくレジまで持って来てもらいました レジのMさんの対応のおかげです ありがとうございました 。,1
親切でした。,1
初めて三方原店に行ってみました食品売り場の商品が少なかったので残念でした 。,0
会計の際、お釣りの五千円札を、千円札に両替してもらいました 。,2
9月1日くらいですが、パルムマルチのクーポン券があったので使おうとしたら、商品が無かったので在庫は置いといてほしい それを目当てで買いに来てるのにないのは困ります 。,0
いつも夕方に行くと、ネスレのアイスコーヒーが無い。,0
アプリのメッセージ、既読か未読かわかりやすいようにしてほしいです。,2
説明しづらいです 。,2
対応良かった。,1
クーポンがみつけられず、購入しなかった 。,0
ボディークリーム等の保湿系の商品が高いので、安価な商品も取り扱ってほしいです。,0
ボタニスト系商品を安くして下さい 。,1
いつも利用させてもらっています 店員さんの対応はいつも良くして貰っております 今は物価高で大変だけどドンキさんにはいつも助かっております これからもよろしくお願いします 。,1
いつも安くて助かります。,1
今日はレジがとても混んでいました 。,2
品出しの人がじゃま。,0
通路が広くなり買いやすくなったレジの上に「開いてます」はわかりやすい。,1
特にありません。,2
いつも、Aさんの対応が素晴らしい。これからも頑張ってください。,1
いつも、お掃除が行き届いていて、雨の日でも、床が、ピカピカで気持ちが良いですね。,1
メガネをかけたレジの男性（若め）が親切でした。,1
レジの方対応が良かった。,1
特にない。,2
可もなく不可もなく 。,2
駐車場が凸凹していてカートがおしずらい。,0
レジが親切でした！。,1
トイレ近くのサンリオコーナーがトイレ臭い、商品に臭いがつく 。,0
子供服をもっと増やして欲しいです。,1
旅行先で、初めて入った店舗ですが、駐車場の入り方がわかりづらかった。,2
Wさんの対応は、挨拶・笑顔・案内・確認・振る舞いは申し分ありません 若いと思いますが、しっかりとされてます。,1
スムーズに会計が出来た。,1
先週買った大袋の梨、傷んだものが入っていました 商品管理を徹底してください 。,0
レジ担当の方が、すごくいい方だった 。,1
始まったばかりだったかもしれませんが、ビールの箱に貼るシールが無いとか、隣のレジに聞いてましたよ。,2
きき湯を安くしてほしい。,1
需要と供給追いつかないのはわかるけど、できれば品切れをなくしてほしい せっかく買いに来たのにお目当ての物が品切れだと萎えます 。,0
愛想の良い店員さんが多いので気持ちよく買い物できてます 。,1
値段がわからない商品があって、そういうのをなくしていただけたら助かります。,2
こたにやって人、レジ業務から外してほしい 。,0
９時一番だと空いてていいけど商品の陳列であわただしい。,2
特になし。,2
量販店より、お酒の種類が少ない 。,0
難しいとは思うのですが、クーポン券はあったけど、在庫はないので買えないっていう商品がたまにあるので、在庫がきれたら売り切れの表示をしてほしい 。,1
カー用品の品物をもっと増やして欲しい 。,1
道路が混んでいて入りにくかった。,0
アルコールが他店と比べていつもリーズナブルで有り難いです。,1
丁寧な対応でした 。,1
トイレットペーパーの種類を増やしてほしい。,1
今迄の駐輪場が駐車場になり、ここに自転車を置かないで下さいのついたてがありますが、かえって駐車場にすると危ないと思います 駐車場と駐車場の間に駐輪場ではなく今まで通り入って右側が駐輪場が良いと思います。,2
2.2ミリの太麺パスタを入れて下さい。,1
商品を雑に扱われたので残念でした。,0
今回も割引券を利用できてなくって会計やり直し度々あるので困る。,0
手ぶら便の対応が悪い 効率が悪くモタモタしている 。,0
クーポンの、醤油ラーメン、とんこつラーメン朝10時迄に来店するのですが、毎回欠品ばかり5回以上続いてるので、無いので有ればクーポンに掲載しないで 他の品物でかまんから、在庫確実に有る品物に転換して下さい 至急宜しくです。,0
いつも通りの対応でした 。,1
特に無い。,2
飲み物をもっと安くしてほしい。,0
お店が綺麗で、商品も綺麗に陳列してありよかったです 。,1
クーポン発券機の所在がわかりにくかった。,0
電化製品あたりにいた年配の女性店員さんが店内の案内についてとても親切にしてくださいました 。,1
老朽化が出てきてるように感じます お客さんは入ってるようなので、良い設備投資をお願いします 。,2
下着を買った時に、男性のレジの方しか、いなくて近くにレジを片付けている女性の方に、声かけて下着なので男性のレジでは、抵抗があると話たら、清算してくれましたとても感じが良かったです。,1
朝早かったので、レジに並ぶ人なし レジの人の名前はわからないが、クーポンがちゃんと使われている事を知らせてくれて良いと感じた 。,1
東洋水産ふっくら中華風おこわ298円を復活させて頂きたい 。,1
レジのHさん丁寧な接客でした。,1
パスコのチョコパイという菓子パンを入荷して欲しいです 。,1
麦茶が安くて良かった。,1
メールの既読、未読の色分けが薄すぎてはっきりしない 改悪アプリですか？。,0
商品がたくさんあって、探すのが大変‼️ただ、野菜の新鮮さがあまり無いのか、レタスは溶けかけてあったり、トマトを買いましたが、シワシワになっていたり、全部でないにしても、鮮度のよくない物は、安くして、回転を良くしないと、新しい物が陳列出来ずに、繰り返しになるのでは⁉️ドンキさんで、野菜の割引を見かけた事が無いので、悪くなったら、組替えて出してるの⁉️と、思ってしまいます。,2
サービスカウンターの女性の方がよかった。,1
9／16夕方17時前後にお買い物をさせて頂きました 欲しい商品が安くて嬉しかったです ついでに色々と購入してレジに並んでいました 私の前に並んでた方がアンパンマンのDVDのような物を購入したところ店員さんがシールを貼る時に一言、アンパンマンのパッケージの邪魔をしない位置に貼っておきますねー！と言っていた事に驚きました 私の番になり生理用品や歯磨き粉を買ったら、無料の見えない袋があるのでそれにまとめて入れておきましょうか？と、笑顔で入れてもらいました 今まで何度も利用していますがその対応をした従業員は初めてでした 必ずそのサービスをして欲しいと言うわけではありませんが、そう言う何気ない配慮のできる従業員がいる事が嬉しく思いますし、安心して買い物ができるなぁ と率直に思いました その従業員の人にこれからもお仕事を続けてくださいね と伝えて欲しいです 。,1
会計も空いていてスムーズにできてとても良かった。,1
食品付近にいらっしゃる「すどう」さんは、前回丁寧に説明してくれました(^^)冷凍パスタのにんにく６倍、今日もなかった(T_T)。,2
結構並んでいたのにレジが2台しかあいてなく、お会計までに時間がかなりかかった 。,0
激辛カルパス売れ切れだった 。,2
平日なのかレジは二つしか開いてなくて凄い行列でレジ待ちしてました 頭に来てので近くの従業員に話したらすぐレジを開けてくれました レジの人は並んでる人を見て応援を頼まないのですか？教育がなってないっておも。,2
値上げに負けないでください！！！。,0
駐車場の入り口の警備員さんの対応が悪く、非常に気分が悪かった。改善してほしい。,0
初めて行きましたがいい意味で倉庫みたいな雰囲気があり、安いんだろうなという空気が出ていてまたそれを裏切らない価格だったので良かったです 。,1
携帯の電波が悪いので改善して欲しい。,0
従業員のレジ担当の田村さんの対応が良かったです 次の買い物の時も田村さんのレジにならびたいと思っています 。,1
各社メーカーの値上げで購入回数が減った オイルが軒並み上がったがヘアーオイルまで@500から@598になったので今は他店で買っている ドンキの良さが薄れてきた 。,0
店員の対応が良かった。,1
食料品売り場のレジの従業員さんは手際の良い方が多くて助かります。,1
携帯で、クーポンを探すのが大変。,0
レジを打ちながら、他の従業員さんと電話で話してみえたので、電話を後にできない程、急用だったのかなぁと思いました 。,2
アシードブリュー(株)のバニラ&チェリーコーラを常に品揃えして欲しいです 1年に1回位しか見かけないので…見つけたら必ず購入するがいつでも帰るの安心がない。,1
ギフト券が使えるか尋ねたら丁寧に、対応してくれましたよ 。,1
ロイズ売って欲しい！！。,1
レジはそこまでお客さんに気を使わなくていいと思います 買い物しやすければそれで大丈夫です 。,2
一階全入り口にペットボトル回収箱を置いてほしい 。,1
レジ担当の方の対応が良かったです カートを使っていると狭くて通れない場所があるので、もう少し改善して頂けると助かります 。,1
店内にカートを置いてほしい。,1
リケンのノンオイルドレッシング、おろしを安くして欲しいです！。,1
惣菜がいつも一緒。,2
やしたてビザが食べたいです 。,2
9月14日クーポンのチキンラーメンの値引きがされていなかったワンタンメンの方は手で20円ひいていましたがなぜなんでしょう。,2
カラーコンタクトが2箱で980円などよくカラコンを買うのでとても良かったです！！従業員さんの対応が少し冷たい気がしました。,2
鮭の切り身10切れセット、安くて定期購入していたのに無くなってしまって悲しいです……復活して欲しいです。,0
言葉使いが良かった。,1
ドンペイシールが欲しくて入店したんですが貰い方を知らず教えていただきゲットできました 人気商品のクーポンも定期的に出してほしいです 。,1
なし。,2
対応良きでした！。,1
ドリンクの種類を増やしてくださいね。,1
黒マー油を置いて欲しいです 。,2
伊藤園のペットボトルで、からだいいこと黒豆茶500mlを安くいれてほしいですすごく香りが良くて美味しいです近郊で文具の事務キチで74円くらい？でありました。,1
レジリーダー感じが良い。,1
Vさんの対応が良かった いつも、明るく元気 。,1
今日もいいお買い物ができましたこれからも、良い品！を安く！でよろしくお願いします。,1
ドンキブランドを買ったら10%ポイント還元をまたしてほしい！。,1
朝早く利用してます 他のお店は開店してないので助かってます 開店間際は他のお客様も少なく、ゆっくり買い物か出来て、駐車場も近くに止められるので重い買い物も出来ます これからも利用したいと思います。,1
クーポンの品（ナビスコのクラッカー）が見つけにくかった。,0
朝の混雑の中　的確に精算をして頂き　よかったです。,1
パンを安くしてほしい 。,1
食品もっと安くして。,0
いつも有難う御座います 。,1
キャリーケースをもう少し安くしてほしいです 。,0
以前お店にあった日本製のマスクを扱ってほしい 1000円以下の商品です 。,1
・豆腐干を仕入れて欲しい ・ドンキのカナダ産の豚肉の脂の甘味が大好きです  私は同じカナダ産でも、深江橋のドンキのカナダ産の豚肉が好きです 産地を変えないで欲しい。,1
Tさんのレジがスムーズで早かった,1
江坂店、無料レジ袋をすすめてくれた 助かりました 。,1
シャンプーのジュレームを安くしてほしい,1
ドンキのメンズ「加圧Tシャツ」を愛用してますが、最近置いてる店舗が少ない 生産中止にせず、ずっと売っていてほしい商品です 。,1
皆んな優しい 。,1
axeのボディースプレーの品揃えが少ないので、ゴールドウッドバニラ香を加えて欲しい 入荷すれば、必ず買います 。,1
レジのいとうさんとても感じも対応も良かったです。,1
クーポンの商品のある場所がわかりにくく　探せなかったり、似た商品があると　パッと見　どれか迷うので　分かりやすくなると　嬉しいです 。,2
特になし。,2
特にない。,2
特になし。,2
私はドンキで買い物をするのが好きです なぜなら、常にプロモーションがあるからです レジの女の子、特にブロンドの髪の女の子が大好きです とても親切。,1
ドンキ伊勢店のレジの店員さんは対応がすごくいいです 。,1
店内外の通路が狭く、子供連れや杖をついた人は買い物籠を持って歩くのは危険だと思う 。,0
訪問時の店員さんはいつもみんな親切な方ばかりです 。,1
レジのKさん？の対応と雰囲気がすごく良いです 。,1
購入した商品を詰める場所が狭い為、利用づらいです、利用づらいと購入もひかえめになるので是非改善お願いします 。,0
普通に良かったです (普段から接客は良いですよ )。,1
特になし。,2
すれ違う店員さんが無愛想でした 深夜で疲れが溜まっていたのでしょう、いつもお店を利用させて頂いているため、忙しくて疲れが抜けていないのだろうなと思い、大変申し訳ない気持ちになりました また利用させて頂きます 。,2
レジ担当の方がお客様の顔見ながら声かけしていて気持ちよかったです ありがとうございます どの方も同じように接客してくれたらいいですね 。,1
アプリのクーポンについても、丁寧に教えてくださいました 。,1
特になし 。,2
全体的に物価が高すぎる 韓国シャンプー安くして欲しい。,0
商品について質問したら、一緒に説明書を見て調べてくれてよかった 結果購入しました 。,1
伊右衛門のお茶を安くして欲しい。,1
いつも通りの客対応でした 。,2
レジ対応は丁寧です クーポンが終わっているものをまだプライス橫に付けていることが何度かあります 値段が違うこともあり、訂正の対応は丁寧なのですが時間はかかるのでプライスの確認をよろしくお願いいたします 。,2
特にないです 。,2
最近、大塚製薬のイオンウォーター900ml、都内どの店舗行っても見ない ここもない 被災地とかにいっちゃってるのかな？。,2
ビオレのハンドソープが安くて助かります 。,1
セルフレジを導入していただきたい 。,1
男性の対応が悪かった。もういかない。,0
本を置いて下さい。,2
頑張って下さい。,2
レジの男性が 丁寧にチャージしたら2年有効 と説明してくれました ありがとうございました 。,1
レジが一台しか稼働していなかった 。,0
何年か前に買った洗濯ネットが欲しかったので来店したが、なかった 品揃えが全然なかった 。,0
重量のあるスヌーピーのお菓子詰め合わせが何日も、ぶら下がっています...が、これに3回頭を強打しました 苦情はないのでしょうか 頭がズキズキしています 。,2
スプレッドで、明治スプレッタブルという商品を置いてほしい。しょうゆとマヨネーズは安めにしてほしい。お菓子はスーパーと値段がほぼ変わらないので季節ものの商品は安めに置いて頂くとかしたらわざわざ買いに行く価値があるかと思います。,1
カゴとカートの片付けしてくれるのは助かります。,1
野菜を多く仕入れてください 。,1
会計レジの方、とても丁寧で好感が持てた 。,1
少しでも並ぶと閉鎖しているレジが開く すごいと思う。,1
この日、迷子の子がいて、従業員の方に話したら、迷子の子の手を繋いで、その子の家族を探してくださってました 迷子の子は、嬉しそうに探しに行った姿を見て、私は安心しましたm(_ _)m。,1
試着室を用意してほしいです。,1
レジが混雑している時はヘルプが来てくれると良いと思います お客さんがイライラしていて店員さんが可哀想 。,2
カートを使ったんですが袋代が加算されてました お店の中もカートを使うと入れないところもあり見にくかってです 。,0
スニーカーの売り場が2箇所もあってうろうろしてしまいました 年配者には難しい 。,2
お刺身を取り扱ってほしい。,1
缶チューハイ缶ビールを安くしてほしい 。,1
とても親切な対応に感謝致しました 良い買い物が出来ました 。,1
昼に久々に行き空いていたのでゆっくり見れるかと思ったが品出しが多く通路通りたくても通れない スタッフ話ながらしている。,0
名前を見なかったが！会計時の対応が感じよかった また探していた品物の場所を聞いたら、わざわざその場所まで案内してくれた スタッフの方の接遇が素晴らしいと思いました 。,1
レジ混みすぎ。,0
おいしい牛乳のクーポン復活してください！。,1
店員さんの姿を見かけることが少なかった。,0
2.2ミリの太麺パスタを入れて下さい 。,2
優しく対応して頂きました！子供がいたので。,1
特になし。,2
イワタニのカセットフータフまるを安くして欲しい。,1
前回もだけどレジが2人 待ち3人！レジの人増やして欲しい。,0
配置が変わり少し見やすくなりました トイレットペーパーを溝の口店や蒲田店位の値段に下げて欲しい 。,1
カロリーメイトのブロックタイプはドラックストアより値段が高いです。,2
素敵な笑顔に癒されました。,1
食料品を安くして欲しい。,1
レジが混んでてビックリ!毎日こうなのかな？お客さんに感謝ですね 。,1
いつもレジにお客さんが並んでる 時間帯を考慮してレジを開放して欲しい またアイスクリームが解けてることが多い 隣のレジでしたが、4つも交換してました 扉付きの冷凍庫に変えては？。,0
もっとクーポン充実してほしい。,1
書いすぎて台車で運ぶとれじーの女性が出てきて荷物を精算機の横に乗せてくれてうれしです 。,1
このままのサービスでお願いします 。,2
栗の安いのが沢山欲しい。,1
レジでの対応が悪い事がある 袋をお願いしますって伝えても返事をしてもらえない！外国の方の方が優しくて丁寧です 。,0
いつも丁寧に接客していただいている 。,1
品だしが忙しいとは思いますが声掛けしてどいてもらいましたが少し怒ってたかな？と感じました。,2
クーポンの商品がなかったが、在庫を探しに行ってくれた 結局購入はできなかったが、親切だった 。,1
季節の果物(梨、りんごなど)箱売りで安く売って下さい。,2
任天堂Switchのソフトを購入した 後で確認したら同じビル内のゲーム機販売店の方が千円安かったのでガッカリした 。,0
今のところ，特段対応の悪い従業員に当たったことはない また、贅沢なお願いかもしれないが、もう少し笑顔を増やしてくれるとありがたい 。,1
なし。,2
冷えている飲み物の種類を増やして欲しい。,0
地下にもお手洗いがほしい。,1
Fさんの対応が良かった。,1
牡蠣のオイル漬けが売り切れてて買えなかった 。,0
身体障害者駐車スペースに一般車が駐車私は障害者　非常に迷惑店側として何か一般車駐車させない努力をして欲しい。,0
食品売場の生鮮品がもっとバリエーションがあればと思います 一人飯だと　例えば精肉は小パックでも多いくらい また、鮮魚は冷凍のみならば銀ダラやカラスカレイぜひ入れてほしい 。,1
賞味期限ギリギリでもいいので安くして欲しい。,1
前にレジが見習い店員みたいてクレカのmajica番号を読まずに会計されてポイントが付かなかった こちらも初めてクレカ使ったため決済すれば自動に付くと思っていた 今はスマホのmajica番号とクレカをそれぞれ読み込ましている 見習いのレジは指導者がいたほうがよい。,0
みかんの缶詰が　ずっとありません。,0
チャージのやり方を聞いたら、機械でやってくださいと言われましたが、丁寧でなく戸惑いました 。,0
ないわ。,0
駐車場の進行方向を守って停めてるのに、逆走する車が多く不愉快な思いをよくする 。,0
カードを出すのを忘れてしまったのですが、感じ良くすぐに対応してくださり、ありがとうございました。,1
地下に降りる階段のセールスが毎回毎回うざい。,0
何回書いても治らないからいいです。,2
クーポンの品物が切らして無かった。,0
レジの手際が良くスムーズに会計処理が終わった。,1
店員さんがコスプレ？(⁠カチューシャ⁠)していて可愛かった 対応も丁寧でした。,1
パルムのアイスを買って、すぐに車に戻って食べようとしたら棒が抜けてドロドロだった せっかく楽しみにしていたのに残念 温度管理はどうなっているのか 。,0
バーゲンブックが良かった すみっコぐらしがあまりなかった 。,1
ぞう菜を種類多く，魚売場質をもっとよくして値段ら高くても良いから。,1
近くにあるロジャースの方が安いものが割とあった。,1
クーポンをもっと充実して欲しい 。,1
面白五本指ソックスを仕入れてください 沢山買いますから秋冬アイテムをしいれてください フジパンのちくわパンがないので仕入れてください 。,1
クーポン発券機を直してほしいです 。,1
Bさんgood。,1
牛乳を安くしてほしいです 。,0
特になし。,2
武豊店です 1階に少しでも、良いから休憩場所作って下さい～、優しくして下さい。,1
店の人親切です・,1
発泡酒が？他店より、高い。,0
混んでいるレジに誘導するスタッフがレジを手伝っていたのがよかったです スタッフが機能的に連携していました 。,1
特になし。,2
クーポン対象の商品を購入しようと思い探したがなかなか見つからなくて困った 手が届かないような高い場所にあったので購入するのを辞めた クーポン対象の商品は見つかりやすい場所に移動したり、各コーナーでクーポン対象の商品をまとめて置いたりしてみては見つけにくい。,0
お昼に来店させてもらいました 品出しなど店員さん達も忙しく働いているのに、男性店員(眼鏡の人)ボォーっと突っ立ってボソボソ何か独り言?!言いながら手遊び 店長さんも注意して見た方がいいのでは?!他の真面目に働いてる人が可哀想です 。,0
レジのZさんの対応が良く、大変満足しています 。,1
いつも楽しくて安くていくのがたのしみです！。,1
レジの方々の対応がいつも良くて、気持ちがいいです お酒類が安いので、よく利用させてもらっています お酒の値段安いまま提供して下さるととても助かります！！。,1
お客が従業員の近くを通っても、またお客の姿を見ても、「いらっしゃいませ」の言葉が無かった 接客用語が出来きていなかった 。,0
特にありません。,2
1階のレジを複数にしてほしいです 食品を少し購入するだけで長い列に並ぶのは嫌です。,0
目玉商品期待してます 。,1
エレベーター内の音楽のボリュームをもう少し下げてほしい。,0
白髪交じりの男の人　背高め？体格いい方いつもレジの対応が　あまり良くないです無愛想で　いい気はしません　女性の方はパートかな？基本的に　対応は　ふつうにしてくれてます。,0
皆さん親切丁寧です。,1
いつも　安いと思います。,1
レジが早くてすごい。,1
